顧客 Id,名前,性別,年齢,誕生日,婚姻,血液型,都道府県,キャリア,カレーの食べ方
阿克-20575,畑 遥,女,29,1987/06/14,既婚,B型,北海道,ドコモ,左ルー・せき止め派
阿真-11125,平岡 達士,男,71,1945/09/16,既婚,A型,福島県,ソフトバンク,左ルー・せき止め派
阿真-16120,井手 秀樹,男,51,1965/09/17,既婚,O型,愛知県,ドコモ,ぶっかけ・ルー攻め派
阿真-20005,柏木 小百合,女,45,1972/02/23,既婚,A型,青森県,ドコモ,右ルー・混ぜ混ぜ派
阿進-20500,落合 慢太郎,男,56,1960/07/09,既婚,AB型,奈良県,au,左ルー・混ぜ混ぜ派
阿大-16135,原田 有起哉,男,39,1977/07/19,既婚,A型,北海道,ドコモ,別盛り・混ぜ混ぜ派
阿文-17260,畠中 杏,女,56,1961/01/15,既婚,A型,兵庫県,au,ぶっかけ・せき止め派
阿法-19060,高橋 里奈,女,28,1988/07/07,既婚,B型,大阪府,ソフトバンク,手前ルー・せき止め派
穐真-10645,古屋 妃里,女,74,1942/04/19,既婚,O型,大阪府,ソフトバンク,ぶっかけ・混ぜ混ぜ派
穐優-10255,橋爪 幸平,男,32,1984/11/30,未婚,B型,三重県,ドコモ,ぶっかけ・混ぜ混ぜ派
芦翼-13015,坂野 竜也,男,49,1967/10/21,既婚,O型,宮崎県,au,ぶっかけ・ルー攻め派
綾剛-18415,蒼井 洋介,男,21,1995/04/18,未婚,B型,京都府,ドコモ,奥ルー・別口派
安寛-15415,大熊 守,男,77,1939/07/27,既婚,O型,福島県,ドコモ,奥ルー・ルー攻め派
安恵-17035,山中 信吾,男,20,1996/04/04,既婚,O型,福岡県,ドコモ,奥ルー・せき止め派
安桜-21895,浅川 雅彦,男,67,1949/07/29,既婚,A型,東京都,ソフトバンク,左ルー・ルー攻め派
安七-15190,森岡 麻緒,女,20,1997/02/17,未婚,O型,大阪府,ドコモ,ぶっかけ・混ぜ混ぜ派
安正-19990,黒川 真吾,男,39,1977/07/12,既婚,AB型,北海道,ドコモ,左ルー・別口派
安節-12700,金森 禄郎,男,21,1995/05/13,未婚,B型,埼玉県,au,左ルー・せき止め派
安貞-19450,長野 涼,女,23,1993/08/03,未婚,O型,大阪府,au,右ルー・せき止め派
安優-21790,関根 しほり,女,68,1948/11/14,既婚,AB型,埼玉県,ドコモ,手前ルー・ルー攻め派
伊寛-13060,井川 菜々美,女,21,1995/03/08,未婚,A型,神奈川県,ドコモ,ぶっかけ・混ぜ混ぜ派
伊正-18655,浅川 由宇,女,56,1960/03/04,既婚,AB型,北海道,au,右ルー・ルー攻め派
伊誠-15385,堀田 めぐみ,女,54,1962/12/25,既婚,A型,茨城県,ドコモ,ぶっかけ・別口派
伊梅-17980,宮野 彩,女,47,1969/07/27,未婚,B型,岐阜県,ドコモ,左ルー・別口派
伊美-21880,今井 研二,男,27,1989/12/16,未婚,B型,新潟県,ソフトバンク,ぶっかけ・ナン派
井海-14425,境 莉緒,女,76,1941/02/09,既婚,O型,愛知県,au,奥ルー・混ぜ混ぜ派
井寛-12415,大西 晋也,男,41,1975/08/05,未婚,A型,神奈川県,ドコモ,ぶっかけ・ナン派
井修-11815,野上 健,男,75,1941/04/12,既婚,O型,福岡県,ドコモ,右ルー・せき止め派
井誠-14800,福井 だん吉,男,58,1958/08/10,既婚,O型,東京都,ツーカー,左ルー・ルー攻め派
井梅-12655,長谷川 憲史,男,41,1975/12/10,既婚,A型,愛媛県,ドコモ,ぶっかけ・せき止め派
磯昭-17620,有田 俊介,男,61,1955/07/28,既婚,O型,東京都,ソフトバンク,奥ルー・混ぜ混ぜ派
磯陽-12220,西 研二,男,66,1950/07/31,既婚,B型,愛知県,ソフトバンク,右ルー・混ぜ混ぜ派
一萌-12115,小日向 咲,女,45,1971/05/01,既婚,O型,広島県,ドコモ,左ルー・ナン派
壱由-20245,浅井 恵梨香,女,45,1971/03/22,既婚,O型,青森県,ドコモ,ぶっかけ・せき止め派
逸真-21040,池上 真一,男,26,1990/06/29,未婚,AB型,東京都,ドコモ,奥ルー・せき止め派
稲結-15895,立石 雅之,男,55,1961/12/22,既婚,B型,茨城県,au,手前ルー・別口派
稲結-20710,小町 ケンイチ,男,58,1958/04/06,既婚,A型,岡山県,ドコモ,ぶっかけ・せき止め派
稲正-10180,塩見 慢太郎,男,23,1993/06/09,未婚,B型,静岡県,au,左ルー・ルー攻め派
稲静-14635,滝 さやか,女,34,1982/10/29,既婚,AB型,鳥取県,ソフトバンク,別盛り・せき止め派
稲舞-20725,中沢 人志,男,45,1971/11/15,未婚,O型,愛媛県,au,手前ルー・混ぜ混ぜ派
稲凛-12100,越智 勝久,男,32,1984/05/13,未婚,A型,高知県,ソフトバンク,右ルー・ルー攻め派
稲凛-18850,平良 さとみ,女,20,1996/03/15,未婚,B型,京都府,ドコモ,別盛り・せき止め派
印実-18070,日野 かおり,女,24,1992/07/08,既婚,A型,新潟県,ドコモ,奥ルー・せき止め派
蔭陸-11620,浅野 満,男,69,1947/09/25,既婚,O型,大阪府,ドコモ,ぶっかけ・別口派
宇彩-21610,富田 礼子,女,28,1989/02/09,未婚,A型,埼玉県,ドコモ,別盛り・せき止め派
宇皐-14440,奥田 慢太郎,男,78,1938/12/16,既婚,A型,埼玉県,au,ぶっかけ・せき止め派
宇明-15265,中村 あさみ,女,63,1953/08/11,既婚,O型,和歌山県,ソフトバンク,奥ルー・ルー攻め派
雨武-19840,野上 千佳子,女,49,1967/05/29,既婚,O型,北海道,au,手前ルー・せき止め派
鵜学-16900,玉田 未來,女,71,1946/01/23,既婚,A型,富山県,au,右ルー・せき止め派
臼大-21745,吉野 敏和,男,66,1951/01/24,既婚,AB型,千葉県,ソフトバンク,別盛り・混ぜ混ぜ派
浦桐-18910,岸部 耕司,男,57,1959/08/13,既婚,A型,千葉県,ドコモ,ぶっかけ・せき止め派
浦七-10750,城戸 さんま,男,56,1960/08/13,既婚,A型,愛知県,au,右ルー・混ぜ混ぜ派
浦真-10690,伊藤 寿々花,女,44,1972/05/10,既婚,AB型,福岡県,ドコモ,ぶっかけ・ナン派
餌直-13210,黒沢 恵梨香,女,52,1964/09/17,既婚,B型,京都府,ソフトバンク,奥ルー・せき止め派
栄涼-13030,向井 あい,女,33,1983/03/19,既婚,A型,福島県,ドコモ,奥ルー・混ぜ混ぜ派
永延-20515,白川 三省,男,48,1968/08/28,既婚,O型,宮崎県,ドコモ,ぶっかけ・混ぜ混ぜ派
永恭-16975,佐藤 光臣,男,43,1973/11/29,既婚,A型,神奈川県,ドコモ,左ルー・せき止め派
永修-15700,パンツェッタ 鉄洋,男,42,1974/10/27,既婚,O型,千葉県,ドコモ,手前ルー・せき止め派
永昭-17185,矢田 なつみ,女,59,1957/10/15,既婚,B型,宮城県,au,左ルー・せき止め派
永大-20875,伊崎 光,男,39,1977/04/22,既婚,B型,福岡県,ドコモ,左ルー・ルー攻め派
永拓-12490,渡辺 友以乃,女,43,1973/04/20,既婚,O型,大阪府,ソフトバンク,ぶっかけ・別口派
永陽-12865,柳田 真帆,女,58,1958/04/01,既婚,A型,宮城県,au,左ルー・せき止め派
永凛-20545,戸田 健,男,25,1991/09/24,未婚,A型,鹿児島県,ソフトバンク,左ルー・別口派
益海-20755,湊 小雁,男,21,1995/10/11,未婚,B型,東京都,ドコモ,左ルー・混ぜ混ぜ派
越正-19030,小沢 基祐,男,30,1986/03/05,既婚,A型,長崎県,ドコモ,ぶっかけ・せき止め派
円香-11335,阿久津 璃奈子,女,36,1980/11/13,既婚,A型,茨城県,ドコモ,左ルー・ルー攻め派
薗葵-19075,小寺 彩,女,48,1968/07/15,既婚,O型,長野県,ツーカー,ぶっかけ・ナン派
塩霞-10780,竹村 大樹,男,77,1939/10/07,既婚,B型,山梨県,ドコモ,ぶっかけ・せき止め派
塩香-17725,小沼 貴嶺,男,64,1952/09/21,既婚,O型,千葉県,ドコモ,奥ルー・せき止め派
塩昭-12775,玉田 育子,女,23,1993/04/27,未婚,O型,長野県,au,手前ルー・別口派
塩真-17590,三好 一代,女,57,1959/05/01,既婚,O型,岐阜県,ソフトバンク,奥ルー・せき止め派
奥輝-14725,市原 京子,女,45,1971/09/11,既婚,A型,大阪府,ドコモ,ぶっかけ・ルー攻め派
奥誠-12070,草村 右京,男,76,1941/02/20,既婚,B型,京都府,ドコモ,ぶっかけ・ルー攻め派
奥大-17290,篠原 信輔,男,54,1962/12/08,未婚,O型,大阪府,ソフトバンク,ぶっかけ・混ぜ混ぜ派
横正-14515,熊倉 雅彦,男,26,1990/09/25,既婚,A型,埼玉県,ドコモ,右ルー・せき止め派
横翼-11575,川越 宏,男,79,1937/05/17,既婚,O型,福岡県,ソフトバンク,左ルー・せき止め派
横和-17335,浅利 さとみ,女,74,1942/12/26,既婚,O型,茨城県,ソフトバンク,手前ルー・ルー攻め派
岡葵-13075,香椎 里穂,女,57,1959/03/10,既婚,B型,北海道,au,手前ルー・別口派
岡萌-11185,森島 みき,女,44,1972/03/06,既婚,O型,兵庫県,ドコモ,左ルー・混ぜ混ぜ派
沖延-21850,加瀬 七世,女,45,1971/06/26,既婚,B型,東京都,ドコモ,ぶっかけ・せき止め派
屋美-18160,三船 麻由子,女,39,1977/07/16,既婚,B型,千葉県,ソフトバンク,手前ルー・せき止め派
下恵-20980,熊井 丈史,男,38,1978/07/13,既婚,O型,埼玉県,ドコモ,右ルー・混ぜ混ぜ派
下健-15505,角 洋介,男,43,1973/03/19,既婚,B型,埼玉県,au,ぶっかけ・ナン派
下孝-17110,田原 貴美子,女,29,1987/04/17,既婚,A型,岐阜県,au,左ルー・ルー攻め派
下智-11140,寺脇 美希,女,21,1995/06/16,未婚,O型,愛媛県,ドコモ,右ルー・別口派
下翔-11440,妹尾 茂樹,男,70,1946/12/11,既婚,O型,東京都,ドコモ,左ルー・別口派
加克-18370,寺西 ひかり,女,34,1982/06/19,既婚,B型,長崎県,ドコモ,左ルー・せき止め派
加禎-21205,小池 千夏,女,48,1968/07/31,既婚,O型,熊本県,ドコモ,奥ルー・せき止め派
加美-14935,大石 直人,男,31,1985/11/21,既婚,A型,鹿児島県,ソフトバンク,右ルー・ナン派
加朋-15430,井沢 有海,女,71,1945/08/28,既婚,A型,東京都,ソフトバンク,左ルー・せき止め派
加翼-13420,奈良 扶樹,男,77,1939/03/04,既婚,B型,東京都,ドコモ,左ルー・別口派
可勝-13345,尾崎 夏希,女,25,1992/01/20,未婚,O型,神奈川県,au,右ルー・ルー攻め派
夏直-15640,牧野 直人,男,61,1955/08/18,既婚,B型,神奈川県,au,左ルー・せき止め派
夏和-13600,松山 美和子,女,33,1983/08/29,既婚,O型,広島県,ツーカー,左ルー・ルー攻め派
河延-17485,玉木 小雁,男,39,1977/07/09,既婚,B型,埼玉県,ドコモ,手前ルー・ルー攻め派
河昭-17455,北川 有海,女,74,1942/12/18,既婚,A型,石川県,au,右ルー・せき止め派
花恵-10285,西谷 寛,男,70,1946/12/26,既婚,B型,岐阜県,au,右ルー・せき止め派
花健-15925,坂東 淳子,女,30,1986/09/22,既婚,A型,新潟県,au,ぶっかけ・混ぜ混ぜ派
花三-17410,笹川 瞬,男,52,1964/11/05,既婚,AB型,福岡県,ドコモ,右ルー・別口派
花大-11545,角谷 栄一,男,76,1940/04/13,既婚,A型,鹿児島県,ソフトバンク,左ルー・ルー攻め派
我大-12850,三島 美佳,女,25,1991/09/17,未婚,B型,埼玉県,ソフトバンク,左ルー・混ぜ混ぜ派
海千-17395,深沢 秀樹,男,52,1964/04/26,既婚,O型,新潟県,ドコモ,ぶっかけ・別口派
皆学-10465,松田 誠治,男,56,1961/02/15,既婚,AB型,岩手県,ドコモ,左ルー・ルー攻め派
貝翔-17350,若松 文世,女,46,1970/10/20,未婚,A型,兵庫県,ドコモ,右ルー・ナン派
外瞳-16075,唐沢 克実,男,25,1992/02/17,未婚,A型,愛知県,au,右ルー・ルー攻め派
垣愛-18130,長谷 洋介,男,27,1989/11/15,既婚,A型,山口県,au,ぶっかけ・ルー攻め派
垣霞-12805,遠山 亜希,女,31,1985/04/12,既婚,O型,大阪府,ドコモ,左ルー・混ぜ混ぜ派
垣千-12205,上田 遥,女,36,1980/10/11,既婚,B型,沖縄県,ドコモ,左ルー・混ぜ混ぜ派
柿海-18790,杉下 陽子,女,26,1991/02/21,既婚,AB型,長野県,ドコモ,左ルー・ルー攻め派
柿美-13825,三井 美智子,女,33,1983/08/07,未婚,A型,茨城県,ドコモ,奥ルー・ルー攻め派
額四-12190,岩間 正義,男,31,1986/02/18,既婚,A型,兵庫県,ドコモ,ぶっかけ・別口派
掛誠-21250,赤木 育子,女,50,1966/10/02,既婚,O型,岐阜県,au,手前ルー・せき止め派
掛禎-21265,藤原 翔子,女,25,1992/01/23,未婚,A型,神奈川県,au,奥ルー・別口派
笠紅-11935,藤田 春樹,女,47,1969/11/15,既婚,B型,愛知県,ドコモ,右ルー・別口派
梶正-18190,野呂 理紗,女,67,1949/08/25,既婚,A型,大阪府,ドコモ,奥ルー・ルー攻め派
梶静-13675,横尾 洋介,男,70,1946/05/07,既婚,O型,東京都,ソフトバンク,ぶっかけ・別口派
葛海-21460,土谷 千佳子,女,54,1962/09/28,既婚,A型,東京都,ドコモ,奥ルー・ルー攻め派
葛茂-16210,中島 薫,女,48,1968/03/15,既婚,AB型,愛知県,ソフトバンク,左ルー・ルー攻め派
叶颯-20560,仲田 なぎさ,女,73,1944/02/04,既婚,AB型,東京都,au,右ルー・ルー攻め派
蒲修-12025,武 人志,男,38,1978/11/10,既婚,A型,北海道,au,手前ルー・混ぜ混ぜ派
栢正-14215,寺西 鉄洋,男,38,1978/12/25,既婚,B型,大阪府,ドコモ,右ルー・混ぜ混ぜ派
栢翔-11875,米谷 彩,女,64,1952/11/06,既婚,A型,福井県,au,ぶっかけ・せき止め派
苅蓮-10060,野本 豊,男,79,1937/07/27,既婚,B型,沖縄県,au,右ルー・ナン派
寒大-12475,安永 雅彦,男,55,1961/04/18,既婚,B型,群馬県,au,奥ルー・別口派
寒茂-16315,北川 有海,女,63,1953/12/15,既婚,O型,岐阜県,ドコモ,ぶっかけ・せき止め派
関愛-16420,花田 優,男,20,1996/04/19,未婚,B型,福岡県,ソフトバンク,右ルー・せき止め派
関海-16930,三枝 景子,女,64,1952/12/07,既婚,A型,青森県,ドコモ,左ルー・せき止め派
関美-15820,相田 那奈,女,51,1965/08/13,既婚,AB型,香川県,au,手前ルー・別口派
関武-16915,松沢 怜奈,女,59,1957/04/07,既婚,A型,東京都,ソフトバンク,左ルー・せき止め派
関由-10270,黒田 三郎,男,31,1985/06/19,既婚,B型,鹿児島県,ドコモ,左ルー・別口派
館健-13450,岡 敦,男,31,1985/10/01,未婚,A型,東京都,au,奥ルー・ルー攻め派
丸久-13645,三沢 美月,女,78,1938/10/13,既婚,O型,神奈川県,ドコモ,ぶっかけ・せき止め派
丸優-12295,新田 景子,女,43,1973/10/23,既婚,B型,神奈川県,ドコモ,奥ルー・混ぜ混ぜ派
丸翼-19735,大江 太朗,男,40,1977/02/01,未婚,O型,埼玉県,ソフトバンク,ぶっかけ・ルー攻め派
岸葵-20080,松下 陽子,女,31,1985/11/21,既婚,A型,愛知県,ドコモ,手前ルー・ルー攻め派
岸直-19405,佐古 たまき,女,21,1995/11/15,既婚,O型,栃木県,au,ぶっかけ・ルー攻め派
岸颯-21310,日下部 コウ,女,80,1936/10/23,既婚,A型,大阪府,ドコモ,奥ルー・せき止め派
岩桐-16270,菅野 由宇,女,80,1936/03/11,既婚,B型,広島県,ドコモ,右ルー・別口派
岩彩-17740,海老原 大,男,42,1974/11/07,既婚,B型,千葉県,ドコモ,ぶっかけ・せき止め派
岩太-15025,飯田 育子,女,78,1939/01/10,既婚,B型,大阪府,ドコモ,右ルー・ルー攻め派
岩大-17440,江川 晋也,男,59,1957/10/27,既婚,AB型,神奈川県,ドコモ,左ルー・ルー攻め派
岩智-11605,横井 理紗,女,20,1996/11/10,既婚,O型,宮城県,ソフトバンク,左ルー・せき止め派
岩美-10615,玉井 夏希,女,44,1972/07/25,既婚,A型,沖縄県,au,左ルー・別口派
岩萌-18400,石田 一徳,男,39,1978/01/23,既婚,O型,神奈川県,ドコモ,ぶっかけ・せき止め派
岩明-13540,井上 しぼり,女,39,1977/04/06,既婚,O型,山口県,ドコモ,ぶっかけ・ルー攻め派
岩陽-10165,矢口 有海,女,55,1961/04/16,既婚,O型,山口県,ドコモ,ぶっかけ・ナン派
岩涼-13855,佐藤 充則,男,30,1986/09/29,未婚,A型,愛知県,ドコモ,ぶっかけ・ルー攻め派
喜麗-15010,中園 小雁,男,26,1990/09/28,既婚,B型,奈良県,au,左ルー・混ぜ混ぜ派
喜翔-14005,対馬 優,女,38,1978/03/20,既婚,O型,神奈川県,ドコモ,ぶっかけ・別口派
亀桐-17320,荻野 大樹,男,65,1952/02/17,既婚,AB型,大阪府,ドコモ,奥ルー・混ぜ混ぜ派
菊延-13765,黒沢 ひとみ,女,25,1991/07/28,未婚,AB型,神奈川県,ドコモ,左ルー・別口派
菊直-14620,久保田 勝久,男,76,1940/06/08,既婚,AB型,岐阜県,ソフトバンク,奥ルー・ルー攻め派
吉一-18250,竹中 大,男,44,1972/06/11,未婚,B型,愛媛県,ドコモ,左ルー・せき止め派
吉彩-18565,伊丹 璃子,女,68,1948/10/06,既婚,O型,千葉県,ドコモ,ぶっかけ・せき止め派
吉桜-16690,都築 茜,女,76,1940/04/20,既婚,O型,埼玉県,ドコモ,別盛り・せき止め派
吉進-13225,佐藤 進,男,29,1987/03/11,未婚,A型,山形県,ドコモ,ぶっかけ・せき止め派
吉太-18625,佐古 信輔,男,69,1947/06/09,既婚,O型,福岡県,ツーカー,左ルー・ルー攻め派
吉大-15445,岡部 茜,女,73,1943/07/20,既婚,A型,兵庫県,au,別盛り・ナン派
吉直-17935,岩城 優,女,35,1981/07/03,既婚,A型,徳島県,ソフトバンク,ぶっかけ・別口派
吉美-17560,毛利 薫,女,62,1955/01/20,既婚,O型,岐阜県,au,ぶっかけ・混ぜ混ぜ派
吉翔-11305,佐野 一代,女,42,1974/09/16,既婚,O型,高知県,ドコモ,左ルー・ルー攻め派
吉颯-13495,内村 小雁,男,39,1977/04/25,既婚,A型,大阪府,ドコモ,左ルー・せき止め派
橘夏-15535,野中 美嘉,女,32,1984/08/13,未婚,A型,静岡県,ソフトバンク,ぶっかけ・せき止め派
久剛-15625,瀬戸 未來,女,20,1996/11/21,未婚,O型,東京都,au,ぶっかけ・混ぜ混ぜ派
久大-14125,川原 佑,男,44,1972/12/17,未婚,A型,福島県,ドコモ,ぶっかけ・混ぜ混ぜ派
久勇-18775,村松 昴,男,42,1975/02/10,既婚,O型,大阪府,au,左ルー・別口派
久螢-10075,高野 将也,男,66,1950/10/13,既婚,B型,大阪府,ドコモ,ぶっかけ・せき止め派
及進-21550,高山 花緑,男,23,1993/09/11,未婚,O型,静岡県,ドコモ,右ルー・混ぜ混ぜ派
宮輝-21295,畠中 勇太,男,37,1979/11/19,既婚,B型,群馬県,ドコモ,右ルー・ルー攻め派
宮慶-19465,清田 由宇,女,22,1994/07/16,既婚,A型,愛媛県,au,別盛り・せき止め派
宮修-12055,深沢 菜摘,女,40,1976/12/22,既婚,O型,山梨県,ドコモ,左ルー・混ぜ混ぜ派
宮修-13615,赤木 和之,男,40,1977/02/11,未婚,O型,千葉県,ドコモ,ぶっかけ・混ぜ混ぜ派
宮駿-18760,真矢 直人,男,43,1973/11/23,未婚,AB型,神奈川県,ドコモ,奥ルー・ルー攻め派
宮正-19960,雨宮 沙知絵,女,50,1966/12/12,既婚,A型,東京都,ドコモ,奥ルー・せき止め派
宮誠-10570,堀口 季衣,女,35,1981/09/22,既婚,A型,埼玉県,ドコモ,左ルー・ルー攻め派
宮節-13270,吉沢 ジローラモ,男,69,1948/01/02,既婚,AB型,大阪府,ドコモ,右ルー・ルー攻め派
宮拓-15130,宮里 莉緒,女,33,1983/10/02,既婚,O型,大阪府,ドコモ,ぶっかけ・混ぜ混ぜ派
宮直-12790,木村 恵美,女,42,1974/03/25,既婚,B型,東京都,ドコモ,右ルー・ナン派
宮和-15205,高尾 一哉,男,40,1977/01/11,既婚,AB型,沖縄県,ソフトバンク,ぶっかけ・ルー攻め派
宮翔-21145,三谷 輝信,男,80,1937/02/26,既婚,A型,福岡県,ドコモ,左ルー・ルー攻め派
宮颯-18970,宇田川 涼,女,52,1964/11/27,既婚,B型,千葉県,ドコモ,左ルー・混ぜ混ぜ派
牛香-20365,安井 礼子,女,55,1961/08/10,既婚,A型,大阪府,au,ぶっかけ・せき止め派
牛克-10330,栗山 沙耶,女,53,1963/07/07,既婚,AB型,福島県,ドコモ,奥ルー・せき止め派
橋優-14680,大野 雅之,男,53,1963/11/16,既婚,O型,青森県,ドコモ,左ルー・せき止め派
郷延-12145,岡崎 秀樹,男,24,1993/02/04,未婚,O型,福島県,ドコモ,ぶっかけ・ナン派
曲翔-17890,境 桃子,女,46,1970/05/22,既婚,O型,広島県,ドコモ,ぶっかけ・せき止め派
玉七-21565,若山 えみ,女,70,1946/06/24,既婚,AB型,岡山県,ドコモ,左ルー・ルー攻め派
桐駿-16735,西村 光良,男,31,1985/09/06,既婚,A型,栃木県,ドコモ,右ルー・別口派
桐誠-18985,加藤 和久,男,20,1996/06/23,既婚,B型,群馬県,ドコモ,別盛り・混ぜ混ぜ派
桐翔-11395,西井 基祐,男,58,1959/02/20,既婚,A型,大阪府,ドコモ,左ルー・せき止め派
芹千-10450,佐川 隆太,男,49,1967/11/12,既婚,AB型,石川県,ドコモ,左ルー・混ぜ混ぜ派
芹翼-16030,岩沢 寛治,男,68,1948/06/07,既婚,A型,愛知県,ドコモ,右ルー・ルー攻め派
金延-20185,神崎 弘也,男,44,1972/04/24,未婚,O型,埼玉県,ドコモ,左ルー・ルー攻め派
金慶-15670,菅谷 法嗣,男,25,1991/11/26,未婚,O型,兵庫県,ドコモ,左ルー・ルー攻め派
金孝-13465,宇都宮 淳子,女,54,1962/04/13,既婚,O型,愛知県,ソフトバンク,右ルー・ルー攻め派
金彩-21625,青山 洋介,男,65,1951/07/14,既婚,B型,滋賀県,ドコモ,ぶっかけ・ルー攻め派
金皐-14080,塚原 まなみ,女,30,1986/04/28,未婚,O型,奈良県,ツーカー,ぶっかけ・ナン派
金四-19630,八木 フミヤ,男,34,1982/07/24,既婚,O型,大分県,ソフトバンク,ぶっかけ・混ぜ混ぜ派
金美-13525,上田 薫,男,77,1939/12/30,既婚,O型,福岡県,ドコモ,左ルー・別口派
駒静-19285,芹沢 光,男,58,1958/09/19,既婚,A型,愛知県,ドコモ,右ルー・せき止め派
駒翔-14545,北条 まさし,男,36,1980/09/19,既婚,O型,愛知県,au,左ルー・ルー攻め派
櫛颯-19000,川原 妃里,女,70,1946/05/04,既婚,B型,東京都,au,右ルー・せき止め派
沓大-11050,小笠原 敏和,男,50,1966/07/12,既婚,O型,山梨県,ソフトバンク,右ルー・混ぜ混ぜ派
栗節-19855,石川 満,男,23,1993/10/08,未婚,O型,山口県,au,右ルー・ルー攻め派
栗凛-11515,長谷 努,男,69,1947/05/07,既婚,B型,北海道,ドコモ,ぶっかけ・混ぜ混ぜ派
鍬香-11350,徳田 真希,女,75,1941/05/20,既婚,O型,岐阜県,au,左ルー・ルー攻め派
軽翔-18265,吹越 賢二,男,59,1958/01/31,既婚,A型,東京都,ソフトバンク,ぶっかけ・ルー攻め派
月葵-18550,岡島 弘也,男,47,1969/11/24,未婚,A型,福井県,ドコモ,左ルー・別口派
見海-11650,林田 美紀,女,61,1955/09/16,既婚,O型,大分県,au,左ルー・混ぜ混ぜ派
鍵翔-19330,飛田 千夏,女,80,1936/04/12,既婚,O型,福岡県,ソフトバンク,手前ルー・せき止め派
原弘-11170,田口 那奈,女,21,1995/04/30,未婚,A型,東京都,au,左ルー・せき止め派
原皐-14320,岩永 三省,男,28,1989/01/23,未婚,O型,千葉県,ドコモ,手前ルー・せき止め派
原美-14305,藤島 美帆,女,68,1948/03/21,既婚,A型,神奈川県,ドコモ,ぶっかけ・ルー攻め派
古海-14890,飯野 了,男,47,1969/12/09,既婚,O型,栃木県,ドコモ,別盛り・別口派
古寛-10600,小林 美菜,女,67,1949/08/16,既婚,A型,千葉県,au,右ルー・ルー攻め派
古慶-20170,布川 隆,男,29,1987/08/13,未婚,B型,宮城県,ドコモ,手前ルー・混ぜ混ぜ派
古七-11725,沖 ノブヒコ,男,53,1963/09/29,既婚,B型,熊本県,ドコモ,奥ルー・せき止め派
古正-11275,栗田 ケンイチ,男,50,1966/10/24,既婚,O型,千葉県,ドコモ,左ルー・混ぜ混ぜ派
戸夏-21760,金丸 憲一,男,55,1961/08/27,既婚,B型,鳥取県,ソフトバンク,左ルー・混ぜ混ぜ派
戸小-16825,小畑 コウ,女,56,1961/02/22,既婚,AB型,千葉県,ソフトバンク,左ルー・せき止め派
戸和-15610,有馬 愛,女,32,1985/02/14,未婚,O型,青森県,ドコモ,奥ルー・せき止め派
狐大-10855,泉 さゆり,女,59,1957/11/30,既婚,O型,兵庫県,ソフトバンク,ぶっかけ・ルー攻め派
胡梅-18715,池内 瞬,男,62,1955/01/27,既婚,O型,福岡県,ドコモ,別盛り・別口派
五克-13105,三宅 ヒロ,男,77,1940/01/22,既婚,AB型,岡山県,ソフトバンク,左ルー・せき止め派
五美-19525,沼田 美月,女,46,1970/04/16,未婚,A型,東京都,ソフトバンク,左ルー・せき止め派
後克-17875,仲村 優一,男,35,1981/06/24,未婚,O型,福岡県,ドコモ,ぶっかけ・混ぜ混ぜ派
後美-12160,上野 翔太,男,56,1960/09/14,既婚,O型,山形県,ソフトバンク,手前ルー・ルー攻め派
鯉愛-21640,角 広之,男,41,1975/06/29,既婚,A型,愛知県,ドコモ,ぶっかけ・混ぜ混ぜ派
光海-20140,平 敏也,男,80,1936/12/10,既婚,AB型,宮城県,ドコモ,左ルー・ルー攻め派
光皐-13135,前原 智花,女,63,1953/03/27,既婚,A型,奈良県,ドコモ,ぶっかけ・別口派
光正-10960,黒川 憲史,男,56,1960/12/13,既婚,A型,島根県,au,左ルー・せき止め派
向太-17860,七瀬 公顕,男,37,1979/05/09,既婚,A型,福岡県,ドコモ,別盛り・別口派
向直-11590,武内 ノブヒコ,男,52,1964/08/01,既婚,AB型,神奈川県,au,左ルー・ルー攻め派
好雪-13255,西原 亮,男,68,1948/10/28,既婚,B型,東京都,ドコモ,左ルー・ルー攻め派
広麗-16090,小林 恭子,女,36,1980/05/06,既婚,B型,栃木県,ドコモ,左ルー・ナン派
広和-12430,伊藤 茂樹,男,64,1952/04/06,既婚,A型,長野県,ドコモ,左ルー・ナン派
恒朋-19270,矢田 豊,男,80,1936/06/12,既婚,O型,東京都,ツーカー,左ルー・せき止め派
更翼-21010,柳原 獅童,男,29,1987/12/04,既婚,O型,神奈川県,ドコモ,左ルー・別口派
江美-10405,藤 茂樹,男,60,1956/10/31,既婚,B型,千葉県,ドコモ,ぶっかけ・せき止め派
溝健-17545,平岡 恵梨香,女,54,1962/12/02,未婚,O型,青森県,ソフトバンク,左ルー・せき止め派
溝桜-19660,中岡 悟志,男,80,1937/01/17,既婚,O型,京都府,ドコモ,左ルー・別口派
溝真-21325,山野 昴,男,36,1981/02/07,既婚,A型,熊本県,ドコモ,左ルー・せき止め派
甲霞-18955,山下 美嘉,女,29,1987/04/25,未婚,A型,三重県,ドコモ,左ルー・ルー攻め派
甲丈-15235,前原 桃子,女,74,1943/02/20,既婚,A型,兵庫県,ドコモ,左ルー・ルー攻め派
荒剛-21475,北村 恵麻,女,76,1940/10/19,既婚,O型,大阪府,au,手前ルー・別口派
荒大-13510,川井 一代,女,20,1996/11/24,既婚,O型,大阪府,ドコモ,右ルー・ルー攻め派
荒拓-13795,小西 佑,男,36,1981/01/04,未婚,O型,滋賀県,au,左ルー・混ぜ混ぜ派
荒陽-16195,赤木 景子,女,34,1982/09/29,既婚,A型,青森県,ドコモ,奥ルー・せき止め派
香寛-19780,泉 美菜,女,74,1943/01/15,既婚,B型,京都府,ドコモ,ぶっかけ・別口派
高海-16105,飯島 光洋,男,76,1940/03/21,既婚,B型,長野県,au,手前ルー・混ぜ混ぜ派
高結-20035,市村 勝久,男,73,1943/04/07,既婚,AB型,神奈川県,au,左ルー・せき止め派
高小-10420,森谷 守,男,36,1980/09/28,既婚,O型,福島県,ドコモ,奥ルー・ルー攻め派
高小-15250,本山 千夏,女,38,1978/11/28,既婚,A型,富山県,ドコモ,左ルー・ルー攻め派
高昭-16630,小宮 優一,男,26,1990/10/20,未婚,B型,宮城県,ドコモ,左ルー・混ぜ混ぜ派
高誠-12910,米田 育二,男,78,1938/03/22,既婚,AB型,埼玉県,au,奥ルー・せき止め派
高智-20665,上村 惇,男,37,1979/09/16,既婚,B型,埼玉県,ドコモ,左ルー・混ぜ混ぜ派
高梅-21820,岡崎 たかお,男,48,1968/05/31,既婚,A型,大阪府,ドコモ,左ルー・混ぜ混ぜ派
高武-14785,佐藤 仁,男,39,1978/01/03,既婚,O型,佐賀県,ドコモ,手前ルー・別口派
高武-16570,金城 光博,男,63,1953/04/18,既婚,A型,新潟県,ツーカー,左ルー・せき止め派
高豊-14650,諏訪 聡,男,76,1941/01/21,既婚,A型,神奈川県,ドコモ,左ルー・混ぜ混ぜ派
高由-17365,塩見 恵子,女,65,1951/10/04,既婚,A型,千葉県,ソフトバンク,左ルー・せき止め派
高緑-14290,横川 フミヤ,男,36,1981/01/23,既婚,A型,埼玉県,ドコモ,右ルー・ルー攻め派
鴻智-16300,柴田 季衣,女,43,1973/08/18,既婚,B型,大阪府,ドコモ,左ルー・せき止め派
国延-13000,柳原 浩正,男,77,1939/08/10,既婚,A型,滋賀県,au,奥ルー・せき止め派
国直-13555,小原 あや子,女,71,1946/01/28,既婚,O型,北海道,ソフトバンク,左ルー・せき止め派
国雄-14905,平良 はるか,女,32,1984/05/07,既婚,B型,大阪府,ドコモ,奥ルー・混ぜ混ぜ派
黒香-10900,角 美里,女,26,1990/06/04,既婚,A型,大分県,ドコモ,左ルー・混ぜ混ぜ派
黒正-15295,谷川 奈月,女,27,1989/09/09,既婚,O型,埼玉県,ドコモ,手前ルー・ルー攻め派
黒陽-13165,福永 真一,男,37,1980/02/08,未婚,O型,北海道,au,左ルー・ルー攻め派
黒麗-19210,阪口 知世,女,72,1944/03/12,既婚,O型,石川県,ツーカー,左ルー・せき止め派
黒和-12175,野本 勤,男,63,1953/06/03,既婚,O型,新潟県,ドコモ,ぶっかけ・ルー攻め派
黒翔-16180,瀬戸 知史,男,37,1979/11/22,既婚,O型,神奈川県,au,ぶっかけ・混ぜ混ぜ派
忽慶-17815,菅沼 隼士,男,73,1943/09/28,既婚,A型,兵庫県,ソフトバンク,ぶっかけ・せき止め派
今丈-21070,北 美咲,女,49,1968/01/23,既婚,B型,北海道,ソフトバンク,ぶっかけ・せき止め派
佐丈-10735,下川 小百合,女,35,1981/07/12,未婚,A型,東京都,ドコモ,右ルー・混ぜ混ぜ派
佐正-19390,小山 雅之,男,29,1987/07/08,未婚,O型,秋田県,ドコモ,ぶっかけ・せき止め派
佐静-20440,美輪 幸子,女,29,1987/06/30,既婚,A型,岩手県,ドコモ,ぶっかけ・せき止め派
佐大-17230,香川 寛,男,58,1959/01/25,既婚,A型,北海道,ドコモ,左ルー・せき止め派
佐美-17245,畠山 真悠子,女,76,1940/05/29,既婚,O型,鳥取県,ドコモ,手前ルー・せき止め派
佐翼-11065,仲田 秀樹,男,79,1937/10/26,既婚,O型,宮城県,ドコモ,別盛り・せき止め派
佐涼-14485,佐久間 勤,男,68,1948/05/27,既婚,A型,岡山県,ドコモ,右ルー・ルー攻め派
佐凛-20890,那須 希,女,62,1954/11/10,既婚,O型,大阪府,au,右ルー・ルー攻め派
最大-13285,加納 恵梨香,女,72,1944/06/09,既婚,B型,埼玉県,au,ぶっかけ・せき止め派
細義-20530,赤坂 奈月,女,24,1992/12/27,既婚,A型,栃木県,ドコモ,奥ルー・混ぜ混ぜ派
細陸-21415,永野 陽子,女,68,1948/07/28,既婚,O型,神奈川県,ドコモ,手前ルー・ルー攻め派
坂正-11785,熊谷 明,男,68,1948/06/26,既婚,AB型,奈良県,ドコモ,左ルー・せき止め派
坂正-14875,多岐川 恭子,女,78,1938/10/09,既婚,B型,埼玉県,au,左ルー・混ぜ混ぜ派
坂涼-15160,木下 礼子,女,64,1952/04/12,既婚,B型,神奈川県,ソフトバンク,右ルー・せき止め派
坂和-14050,堀 憲史,男,35,1982/02/24,未婚,A型,広島県,au,左ルー・ルー攻め派
阪蓮-21700,山岸 佑,男,42,1974/08/25,既婚,O型,愛知県,au,手前ルー・せき止め派
榊太-15520,片岡 禄郎,男,72,1944/06/20,既婚,AB型,千葉県,au,ぶっかけ・ルー攻め派
柵葵-14920,内田 光,女,43,1973/04/13,既婚,O型,千葉県,au,左ルー・別口派
桜健-16330,坂下 沙耶,女,29,1987/05/02,既婚,A型,大阪府,au,右ルー・ルー攻め派
桜蓮-19870,吉原 京子,女,42,1974/09/04,既婚,A型,京都府,au,ぶっかけ・ルー攻め派
笹修-15100,磯村 惇,男,44,1972/07/23,既婚,O型,埼玉県,au,別盛り・せき止め派
笹大-16015,玉置 沙耶,女,38,1978/06/16,既婚,A型,茨城県,ドコモ,左ルー・別口派
三海-12580,水口 郁恵,女,55,1961/04/26,既婚,B型,茨城県,au,左ルー・ナン派
三剛-12715,須田 まなみ,女,29,1987/06/06,既婚,B型,福島県,ドコモ,ぶっかけ・別口派
三真-11080,河内 たまき,女,79,1937/03/14,既婚,O型,大阪府,ドコモ,ぶっかけ・混ぜ混ぜ派
三真-12550,緒形 朝香,女,64,1952/03/30,既婚,B型,神奈川県,au,手前ルー・ルー攻め派
三真-15055,島津 誠治,男,33,1983/11/19,既婚,A型,茨城県,ドコモ,ぶっかけ・せき止め派
三誠-19090,堀川 真悠子,女,23,1993/09/28,未婚,A型,大阪府,au,右ルー・ルー攻め派
三荘-18205,城戸 早紀,女,51,1965/08/19,既婚,O型,兵庫県,ドコモ,左ルー・ルー攻め派
三貞-18100,米谷 真帆,女,67,1949/03/25,既婚,A型,大阪府,ドコモ,手前ルー・せき止め派
三哲-18115,長谷川 妃里,女,50,1966/09/20,既婚,O型,愛知県,ドコモ,右ルー・ルー攻め派
三和-16450,関根 みき,女,23,1993/12/05,既婚,O型,秋田県,ドコモ,左ルー・ルー攻め派
山海-13660,岩下 沙耶,女,50,1966/05/05,既婚,O型,栃木県,ドコモ,左ルー・混ぜ混ぜ派
山義-14755,坂井 涼,女,30,1986/05/24,既婚,O型,大阪府,ドコモ,左ルー・別口派
山桐-12565,江原 美佐,女,69,1947/10/25,既婚,B型,千葉県,ドコモ,手前ルー・混ぜ混ぜ派
山恵-12820,川西 一代,女,37,1980/01/02,既婚,O型,広島県,ドコモ,左ルー・混ぜ混ぜ派
山重-12085,高橋 璃子,女,38,1978/10/17,既婚,O型,兵庫県,ドコモ,左ルー・せき止め派
山真-11965,大竹 剛基,男,52,1964/03/17,既婚,B型,岡山県,ソフトバンク,ぶっかけ・ルー攻め派
山真-14350,小田島 洋介,男,78,1938/04/29,既婚,A型,山口県,au,ぶっかけ・別口派
山舞-12835,寺尾 六郎,男,70,1946/08/02,既婚,O型,愛知県,ドコモ,右ルー・せき止め派
山由-19375,坂本 寿々花,女,57,1959/08/19,既婚,O型,三重県,au,ぶっかけ・せき止め派
山翼-11230,中田 南朋,女,68,1949/01/28,既婚,O型,愛知県,ドコモ,左ルー・せき止め派
山緑-20200,中園 育二,男,45,1971/03/28,既婚,AB型,静岡県,ツーカー,奥ルー・ナン派
山凛-15220,河原 有起哉,男,43,1973/03/29,既婚,O型,神奈川県,au,右ルー・混ぜ混ぜ派
姉霞-18580,杉浦 知世,女,33,1983/03/25,既婚,O型,高知県,ドコモ,右ルー・せき止め派
姉彩-15490,尾崎 玲那,女,42,1974/05/24,既婚,O型,愛知県,ドコモ,右ルー・ルー攻め派
市義-16945,梅本 一徳,男,42,1974/03/24,既婚,B型,栃木県,ドコモ,左ルー・別口派
持三-15355,松山 薫,女,57,1960/02/10,既婚,AB型,山形県,ドコモ,右ルー・せき止め派
鹿勇-20425,西村 奈央,女,52,1964/12/01,未婚,O型,東京都,au,左ルー・せき止め派
軸剛-17425,小山 桃子,女,37,1979/04/18,既婚,A型,佐賀県,ドコモ,左ルー・ルー攻め派
室大-19105,大井 基祐,男,43,1973/12/16,既婚,B型,青森県,ドコモ,右ルー・せき止め派
漆翔-20155,森脇 由美子,女,21,1995/07/13,未婚,A型,岡山県,ソフトバンク,奥ルー・せき止め派
実和-14395,望月 はるみ,女,51,1965/12/04,既婚,O型,茨城県,ドコモ,手前ルー・せき止め派
篠香-20590,大野 コウ,女,74,1942/07/20,既婚,O型,福岡県,ドコモ,ぶっかけ・せき止め派
篠明-16660,松浦 明日,女,24,1992/05/12,未婚,A型,福島県,au,左ルー・別口派
柴翔-18865,落合 誠一,男,37,1980/01/28,既婚,B型,千葉県,ドコモ,ぶっかけ・せき止め派
芝誠-10810,織田 さとみ,女,44,1972/05/21,未婚,O型,北海道,ドコモ,左ルー・ルー攻め派
若陽-20920,谷口 ちえみ,女,21,1995/11/28,未婚,O型,大阪府,ドコモ,左ルー・混ぜ混ぜ派
手一-14380,松川 寛,男,35,1981/03/13,既婚,O型,高知県,ドコモ,手前ルー・せき止め派
狩直-14470,野田 智花,女,73,1944/01/24,既婚,B型,長野県,ソフトバンク,左ルー・ルー攻め派
種大-13630,角田 幸平,男,64,1952/08/30,既婚,O型,神奈川県,ドコモ,ぶっかけ・混ぜ混ぜ派
酒海-13990,大津 美佳,女,25,1991/07/21,既婚,A型,岩手県,ドコモ,ぶっかけ・別口派
周義-14560,浜口 洋介,男,77,1939/11/30,既婚,B型,東京都,ドコモ,奥ルー・ルー攻め派
宗拓-12325,花岡 美帆,女,72,1944/04/04,既婚,A型,岡山県,ドコモ,右ルー・せき止め派
宗凛-20800,大貫 亮,男,76,1940/05/22,既婚,A型,東京都,au,ぶっかけ・ルー攻め派
秋武-15310,石井 晴臣,男,27,1989/07/02,既婚,O型,山形県,ドコモ,左ルー・ルー攻め派
秋涼-15070,熊井 真一,男,35,1981/06/29,未婚,O型,福岡県,ドコモ,右ルー・別口派
住義-16750,川上 美月,女,54,1962/09/18,既婚,AB型,愛知県,ソフトバンク,ぶっかけ・ルー攻め派
渋克-21385,川野 雅彦,男,36,1980/11/24,既婚,A型,和歌山県,ドコモ,左ルー・ルー攻め派
渋由-13150,岩沢 璃子,女,71,1945/06/23,既婚,A型,福岡県,ドコモ,手前ルー・せき止め派
重結-11770,金井 一樹,男,20,1996/10/11,未婚,O型,奈良県,ドコモ,ぶっかけ・別口派
出霞-14845,目黒 砂羽,女,60,1956/04/23,既婚,A型,北海道,au,左ルー・せき止め派
出三-12235,谷 遥,女,38,1978/07/28,未婚,O型,奈良県,au,手前ルー・混ぜ混ぜ派
楯愛-11410,神野 勝久,男,52,1964/05/25,既婚,O型,神奈川県,ソフトバンク,別盛り・せき止め派
勝一-16150,安達 優,男,37,1979/07/09,既婚,O型,宮崎県,ドコモ,手前ルー・ルー攻め派
勝緑-16165,生瀬 菜々美,女,56,1960/06/26,既婚,A型,東京都,ドコモ,左ルー・混ぜ混ぜ派
勝翔-19255,杉田 沙知絵,女,69,1947/07/07,既婚,O型,福島県,ソフトバンク,ぶっかけ・ルー攻め派
小輝-21910,豊原 薫,男,56,1960/05/29,既婚,O型,東京都,au,ぶっかけ・混ぜ混ぜ派
小克-20635,丹羽 友也,男,41,1975/12/31,既婚,B型,東京都,ドコモ,ぶっかけ・せき止め派
小皐-20410,藤島 美佐,女,36,1980/05/20,既婚,O型,神奈川県,ドコモ,ぶっかけ・せき止め派
小皐-20905,勝田 隆博,男,54,1963/01/23,既婚,O型,千葉県,au,ぶっかけ・ルー攻め派
小四-13945,黒岩 由樹,女,74,1942/04/11,既婚,O型,東京都,ドコモ,ぶっかけ・混ぜ混ぜ派
小駿-20275,下山 千夏,女,53,1963/07/14,既婚,A型,大分県,ドコモ,奥ルー・混ぜ混ぜ派
小太-18355,水谷 そら,女,78,1939/02/08,既婚,O型,長崎県,au,ぶっかけ・混ぜ混ぜ派
小太-19585,神木 マサカズ,男,57,1959/05/14,既婚,A型,熊本県,ドコモ,ぶっかけ・せき止め派
小拓-13180,倉持 丈史,男,46,1970/08/25,既婚,O型,埼玉県,ドコモ,手前ルー・ルー攻め派
小直-17845,島本 ちえみ,女,64,1952/05/13,既婚,O型,大阪府,au,ぶっかけ・別口派
小禎-10525,小室 朝陽,女,56,1960/11/03,既婚,O型,北海道,au,別盛り・混ぜ混ぜ派
小美-17080,平井 蒼甫,男,20,1996/12/08,未婚,B型,千葉県,ドコモ,ぶっかけ・混ぜ混ぜ派
小優-19765,平塚 聡,男,79,1937/03/13,既婚,A型,北海道,au,左ルー・せき止め派
小翼-16555,戸田 朝香,女,61,1955/03/09,既婚,AB型,長野県,ドコモ,右ルー・混ぜ混ぜ派
松愛-16405,生田 宏行,男,74,1943/01/14,既婚,O型,兵庫県,ドコモ,ぶっかけ・混ぜ混ぜ派
松霞-19180,吉川 光良,男,34,1982/09/19,既婚,A型,埼玉県,au,左ルー・別口派
松義-18295,石倉 恵子,女,27,1989/06/18,既婚,A型,長崎県,ドコモ,奥ルー・せき止め派
松彩-10030,石原 優,女,57,1959/11/16,既婚,B型,北海道,ドコモ,ぶっかけ・せき止め派
松彩-20305,片平 貴美子,女,46,1970/11/09,既婚,O型,福島県,au,ぶっかけ・ナン派
松桜-19300,満島 優,女,38,1978/12/04,既婚,O型,愛知県,ドコモ,左ルー・混ぜ混ぜ派
松四-13915,小幡 信吾,男,58,1958/11/20,既婚,O型,三重県,ソフトバンク,奥ルー・ルー攻め派
松静-12250,大久保 詩織,女,38,1978/07/26,既婚,O型,千葉県,ソフトバンク,ぶっかけ・ルー攻め派
松凛-18805,前島 まさみ,女,77,1939/12/16,既婚,B型,富山県,au,奥ルー・ルー攻め派
沼結-17920,大沢 さやか,女,46,1971/02/09,既婚,O型,愛媛県,ドコモ,ぶっかけ・ルー攻め派
沼駿-18520,八木 誠治,男,48,1968/04/26,既婚,A型,岐阜県,ドコモ,ぶっかけ・せき止め派
沼静-20050,斉藤 美帆,女,20,1997/01/10,未婚,B型,東京都,ソフトバンク,左ルー・せき止め派
沼和-13900,中村 小雁,男,24,1993/01/07,未婚,B型,大阪府,ドコモ,奥ルー・混ぜ混ぜ派
上義-13735,五十嵐 奈月,女,41,1976/01/27,既婚,B型,愛知県,ソフトバンク,右ルー・ナン派
上正-16765,近藤 南朋,女,32,1984/10/08,既婚,A型,東京都,au,右ルー・せき止め派
上大-19045,佐久間 聡,男,23,1994/01/17,未婚,A型,千葉県,ソフトバンク,ぶっかけ・せき止め派
上禎-15790,細野 建,男,47,1969/07/09,既婚,B型,東京都,ドコモ,左ルー・ルー攻め派
上由-21655,浅野 将也,男,45,1971/08/29,既婚,A型,千葉県,ドコモ,左ルー・せき止め派
上和-20830,松本 桃子,女,80,1936/04/24,既婚,B型,千葉県,ドコモ,左ルー・せき止め派
城優-17800,喜多 那奈,女,66,1950/03/27,既婚,A型,福岡県,au,左ルー・ルー攻め派
常翔-13315,吹石 浩太郎,男,26,1990/05/11,未婚,B型,静岡県,ドコモ,左ルー・せき止め派
植丈-10390,杉野 れいな,女,48,1968/03/26,既婚,B型,東京都,au,左ルー・ルー攻め派
織夏-15910,市村 充則,男,26,1990/06/22,既婚,AB型,北海道,ドコモ,左ルー・ルー攻め派
新香-11245,小玉 恵子,女,56,1960/09/16,既婚,O型,埼玉県,au,左ルー・ルー攻め派
新皐-16615,古山 美嘉,女,21,1995/09/12,未婚,AB型,岡山県,ドコモ,右ルー・ルー攻め派
新禎-16840,松岡 信吾,男,58,1958/11/07,既婚,AB型,山形県,ドコモ,左ルー・せき止め派
新萌-10630,長谷部 たまき,女,29,1987/05/25,既婚,A型,神奈川県,ドコモ,別盛り・ルー攻め派
新茂-17050,小関 美月,女,26,1990/12/23,未婚,O型,長野県,au,奥ルー・ルー攻め派
森延-18055,関谷 高史,男,73,1944/02/21,既婚,B型,兵庫県,ソフトバンク,ぶっかけ・別口派
森香-14590,浅野 さやか,女,65,1951/07/24,既婚,B型,青森県,ソフトバンク,手前ルー・せき止め派
深孝-20770,寺島 理紗,女,35,1981/04/16,既婚,O型,神奈川県,au,左ルー・ルー攻め派
深豊-19900,秋葉 一哉,男,42,1974/10/07,既婚,B型,福岡県,ソフトバンク,左ルー・混ぜ混ぜ派
真凛-11905,滝田 瞬,男,50,1966/05/03,未婚,A型,高知県,ドコモ,右ルー・別口派
真凛-16255,諏訪 里奈,女,44,1972/08/25,既婚,O型,北海道,au,奥ルー・せき止め派
神丈-11980,豊田 浩太郎,男,43,1973/12/18,既婚,AB型,北海道,ドコモ,右ルー・せき止め派
神翔-11290,岡崎 菊生,男,22,1994/07/23,未婚,O型,愛知県,ドコモ,右ルー・別口派
須夏-19645,寺井 利夫,男,75,1941/12/02,既婚,B型,京都府,ドコモ,左ルー・混ぜ混ぜ派
須慶-19165,坂口 一恵,女,31,1985/09/14,既婚,O型,福島県,au,左ルー・せき止め派
須弘-14695,畠山 豊,男,25,1991/07/29,既婚,A型,新潟県,ドコモ,手前ルー・ルー攻め派
須真-18460,堀川 遥,女,77,1939/07/09,既婚,O型,京都府,au,左ルー・ルー攻め派
須美-21925,大崎 愛子,女,32,1984/11/07,既婚,A型,東京都,ドコモ,左ルー・ナン派
水大-20995,栗山 瞳,女,80,1936/04/09,既婚,A型,京都府,ソフトバンク,左ルー・せき止め派
水瞳-10885,甲斐 真帆,女,23,1993/06/30,未婚,B型,宮崎県,ドコモ,左ルー・ルー攻め派
数直-12880,松島 禄郎,男,49,1967/06/22,既婚,A型,静岡県,ドコモ,ぶっかけ・別口派
杉進-19795,菅谷 なぎさ,女,26,1990/10/21,既婚,O型,神奈川県,au,左ルー・別口派
菅正-20230,長谷川 だん吉,男,26,1991/02/20,既婚,A型,和歌山県,au,左ルー・せき止め派
瀬美-14365,山西 みあ,女,49,1967/12/11,既婚,O型,大阪府,ドコモ,ぶっかけ・混ぜ混ぜ派
瀬和-14020,加藤 徹平,男,52,1964/11/27,既婚,O型,北海道,ドコモ,奥ルー・ルー攻め派
成葵-16885,古谷 俊二,男,62,1954/12/09,既婚,A型,大阪府,ドコモ,奥ルー・ナン派
成慶-16060,長井 瞳,女,28,1988/03/31,既婚,A型,新潟県,ドコモ,ぶっかけ・混ぜ混ぜ派
成正-18145,藤井 薫,女,59,1958/01/21,既婚,A型,京都府,ソフトバンク,ぶっかけ・せき止め派
成直-12970,吉村 みき,女,32,1984/09/23,既婚,B型,青森県,au,ぶっかけ・別口派
星海-10210,増田 あおい,女,42,1974/10/24,既婚,A型,栃木県,ドコモ,ぶっかけ・せき止め派
星優-14950,磯野 春樹,女,55,1962/01/15,既婚,O型,滋賀県,ソフトバンク,別盛り・混ぜ混ぜ派
清愛-14665,堤 三郎,男,74,1942/11/06,既婚,O型,北海道,ドコモ,奥ルー・ルー攻め派
清正-17170,小泉 きみまろ,男,22,1994/11/28,未婚,A型,長野県,ドコモ,ぶっかけ・せき止め派
生海-21220,武田 守,男,43,1973/03/17,既婚,B型,岩手県,ドコモ,別盛り・ルー攻め派
生和-17065,福地 花緑,男,57,1959/04/10,既婚,A型,福岡県,ドコモ,右ルー・せき止め派
西愛-15880,竹中 えみ,女,31,1985/11/02,未婚,A型,北海道,ソフトバンク,別盛り・ルー攻め派
西弘-14185,三橋 隼士,男,51,1965/07/01,既婚,A型,埼玉県,ドコモ,奥ルー・ルー攻め派
西太-17755,植松 明慶,男,44,1972/05/01,既婚,A型,滋賀県,au,右ルー・混ぜ混ぜ派
西大-10825,滝口 たまき,女,40,1976/04/24,既婚,AB型,東京都,ドコモ,奥ルー・混ぜ混ぜ派
西豊-16585,西沢 マサカズ,男,64,1952/03/14,既婚,A型,愛知県,ソフトバンク,左ルー・せき止め派
西陽-12265,鶴岡 一,男,61,1955/05/14,既婚,O型,大阪府,ドコモ,右ルー・ルー攻め派
西蓮-10375,染谷 克実,男,72,1944/03/30,既婚,O型,愛知県,ドコモ,ぶっかけ・混ぜ混ぜ派
西翔-10300,早坂 英嗣,男,64,1953/01/28,既婚,B型,鹿児島県,ドコモ,ぶっかけ・別口派
西颯-11710,榊原 洋,男,71,1946/01/22,既婚,A型,大分県,ドコモ,左ルー・せき止め派
青大-20215,森下 聖陽,男,64,1952/09/01,既婚,B型,新潟県,ドコモ,右ルー・混ぜ混ぜ派
青翔-15970,伊藤 完爾,男,61,1955/04/06,既婚,B型,茨城県,ソフトバンク,ぶっかけ・せき止め派
石明-19885,本山 瞳,女,58,1958/09/27,既婚,O型,千葉県,ソフトバンク,ぶっかけ・別口派
石雄-11680,パンツェッタ 窈,女,72,1944/07/24,既婚,A型,愛知県,au,ぶっかけ・せき止め派
積千-19675,藤野 たかお,男,49,1967/12/18,既婚,B型,東京都,ソフトバンク,左ルー・混ぜ混ぜ派
赤貞-18340,関口 弘也,男,32,1984/04/22,未婚,AB型,神奈川県,ドコモ,左ルー・混ぜ混ぜ派
赤優-18325,福山 利夫,男,42,1974/11/12,既婚,A型,青森県,ドコモ,奥ルー・ルー攻め派
赤和-17275,大畑 和香,女,66,1950/05/03,既婚,O型,福岡県,ドコモ,左ルー・混ぜ混ぜ派
赤凛-18730,山崎 文世,女,25,1991/12/15,既婚,O型,千葉県,ドコモ,左ルー・別口派
折桜-15805,上条 サンタマリア,男,48,1968/05/08,未婚,B型,大阪府,au,左ルー・ルー攻め派
折匠-19135,真田 サンタマリア,男,52,1964/12/09,既婚,B型,大阪府,au,手前ルー・せき止め派
折真-19225,下村 雅彦,男,54,1962/10/07,既婚,B型,山梨県,ドコモ,ぶっかけ・別口派
折大-15685,尾上 徹,男,37,1979/07/10,未婚,O型,岐阜県,ドコモ,左ルー・せき止め派
雪凛-11860,金井 妃里,女,35,1981/04/06,既婚,B型,群馬県,ドコモ,ぶっかけ・ルー攻め派
千美-12400,浅倉 はるか,女,45,1972/02/10,既婚,A型,神奈川県,ツーカー,右ルー・ナン派
川葵-21520,寺島 朝香,女,49,1967/10/22,既婚,B型,奈良県,ソフトバンク,左ルー・せき止め派
川一-11995,妻夫木 恵麻,女,33,1983/04/15,既婚,A型,東京都,ドコモ,右ルー・混ぜ混ぜ派
川学-20470,尾上 龍吉,男,44,1972/04/17,既婚,O型,神奈川県,au,手前ルー・別口派
川結-18535,徳重 礼子,女,57,1959/06/25,既婚,A型,東京都,ドコモ,右ルー・別口派
川重-20965,玉山 淳子,女,43,1973/10/23,既婚,A型,大阪府,ドコモ,ぶっかけ・別口派
川進-19615,大津 千佳子,女,25,1991/08/01,既婚,A型,大阪府,ソフトバンク,ぶっかけ・混ぜ混ぜ派
川大-13720,滝沢 正義,男,68,1948/08/01,既婚,B型,大阪府,au,左ルー・ルー攻め派
川大-19420,熊井 雅功,男,40,1977/02/14,既婚,A型,宮崎県,ドコモ,左ルー・混ぜ混ぜ派
川大-20455,生田 光臣,男,75,1941/04/05,既婚,O型,広島県,ドコモ,ぶっかけ・せき止め派
川法-12310,橋口 和久,男,68,1948/03/20,既婚,A型,福島県,ツーカー,別盛り・せき止め派
川由-11470,岡部 まさし,男,29,1988/01/08,未婚,O型,愛知県,au,左ルー・せき止め派
川緑-12685,永田 大樹,男,56,1960/10/16,既婚,O型,石川県,ソフトバンク,左ルー・ルー攻め派
川麗-19480,国分 涼子,女,63,1953/05/20,既婚,A型,千葉県,au,別盛り・ルー攻め派
泉小-18025,高畑 仁,男,34,1982/10/17,既婚,O型,埼玉県,ドコモ,左ルー・ルー攻め派
泉和-15655,三村 恭子,女,22,1994/06/06,未婚,A型,千葉県,ツーカー,別盛り・ルー攻め派
浅夏-21355,稲田 正義,男,48,1968/07/24,既婚,AB型,神奈川県,ドコモ,左ルー・ルー攻め派
浅真-19705,深田 由宇,女,51,1966/01/03,既婚,A型,神奈川県,ドコモ,ぶっかけ・混ぜ混ぜ派
浅大-21370,竹下 晴臣,男,40,1977/02/21,既婚,O型,大阪府,au,左ルー・ナン派
染大-12010,谷本 直人,男,74,1942/03/11,既婚,A型,鹿児島県,ドコモ,右ルー・せき止め派
船一-13045,古川 慶太,男,78,1938/07/29,既婚,A型,新潟県,au,左ルー・ルー攻め派
前匠-20650,竹中 みゆき,女,42,1974/08/29,未婚,O型,大阪府,au,ぶっかけ・せき止め派
前丈-19570,柴田 和之,男,21,1995/05/24,既婚,A型,千葉県,au,ぶっかけ・ルー攻め派
前清-15595,古沢 咲,女,58,1958/10/04,既婚,O型,京都府,au,ぶっかけ・せき止め派
蘇真-21160,白石 慶二,男,38,1979/02/14,既婚,A型,大阪府,ドコモ,奥ルー・混ぜ混ぜ派
倉翼-20110,中尾 さゆり,女,39,1977/04/07,既婚,B型,北海道,ソフトバンク,右ルー・混ぜ混ぜ派
倉陸-13705,尾形 知史,男,68,1949/01/28,既婚,A型,兵庫県,ドコモ,ぶっかけ・せき止め派
早学-11485,依田 美和子,女,41,1975/06/10,既婚,B型,愛知県,au,別盛り・せき止め派
早陽-12670,石塚 雅功,男,53,1964/01/30,既婚,A型,奈良県,ソフトバンク,ぶっかけ・混ぜ混ぜ派
相健-19720,神保 景子,女,64,1952/08/13,既婚,B型,三重県,ドコモ,手前ルー・混ぜ混ぜ派
相真-13885,藤本 だん吉,男,76,1940/06/12,既婚,A型,熊本県,ドコモ,右ルー・せき止め派
相美-20380,海野 小雁,男,60,1956/03/26,既婚,A型,熊本県,ドコモ,左ルー・せき止め派
草実-18640,武田 三郎,男,71,1945/11/03,既婚,O型,茨城県,ドコモ,ぶっかけ・ルー攻め派
霜匠-21175,角 美佳,女,79,1937/07/20,既婚,A型,北海道,ドコモ,ぶっかけ・混ぜ混ぜ派
増豊-11890,山崎 兼,男,32,1984/07/31,未婚,A型,静岡県,au,ぶっかけ・混ぜ混ぜ派
増優-10090,大城 弘也,男,54,1962/05/08,既婚,A型,東京都,ドコモ,奥ルー・せき止め派
蔵学-19150,宇野 なつみ,女,33,1983/03/18,既婚,B型,北海道,au,ぶっかけ・混ぜ混ぜ派
蔵真-13090,谷口 ひかり,女,55,1961/07/18,既婚,B型,埼玉県,ドコモ,別盛り・混ぜ混ぜ派
則輝-10510,末永 亜希,女,64,1952/04/14,既婚,B型,大阪府,au,ぶっかけ・混ぜ混ぜ派
足萌-15775,安達 一徳,男,59,1957/04/05,既婚,O型,京都府,ドコモ,手前ルー・せき止め派
村彩-20290,吉川 さとみ,女,22,1994/11/11,未婚,A型,千葉県,ソフトバンク,右ルー・ルー攻め派
村美-20065,浅川 勝久,男,57,1959/10/09,既婚,A型,佐賀県,ソフトバンク,手前ルー・ナン派
村朋-17695,榎本 光博,男,57,1959/07/22,既婚,B型,茨城県,ドコモ,左ルー・せき止め派
村翼-12985,森川 しほり,女,31,1985/03/03,既婚,O型,東京都,ドコモ,右ルー・混ぜ混ぜ派
多恵-17380,森口 惇,男,25,1991/06/01,未婚,B型,宮城県,ドコモ,左ルー・ナン派
多美-17785,阿井 妃里,女,39,1977/05/02,既婚,B型,埼玉県,ドコモ,左ルー・せき止め派
多明-20395,田畑 遥,女,70,1946/11/09,既婚,O型,千葉県,ドコモ,手前ルー・別口派
多颯-11365,植松 育二,男,53,1963/03/09,未婚,O型,山形県,au,ぶっかけ・せき止め派
大延-20350,鹿島 礼子,女,72,1944/04/14,既婚,AB型,宮城県,ドコモ,奥ルー・せき止め派
大夏-18040,小西 杏,女,27,1989/09/18,未婚,O型,大阪府,au,右ルー・混ぜ混ぜ派
大学-14575,金井 薫,女,71,1945/04/07,既婚,AB型,福岡県,ドコモ,左ルー・混ぜ混ぜ派
大康-19930,会田 竜也,男,65,1951/07/07,既婚,A型,熊本県,ドコモ,奥ルー・ルー攻め派
大三-15865,安田 照生,男,44,1972/06/29,既婚,O型,広島県,ソフトバンク,左ルー・ルー攻め派
大四-14860,清田 真一,男,23,1993/09/11,未婚,O型,長野県,ソフトバンク,左ルー・混ぜ混ぜ派
大匠-14200,三木 由樹,女,48,1968/06/23,既婚,O型,東京都,ツーカー,手前ルー・せき止め派
大小-13480,横田 慶太,男,30,1986/10/03,既婚,B型,三重県,ドコモ,奥ルー・別口派
大千-21490,長野 哲平,男,55,1961/06/28,既婚,AB型,千葉県,ソフトバンク,左ルー・混ぜ混ぜ派
大大-15565,羽田 幸平,男,23,1993/11/07,既婚,O型,大阪府,ドコモ,左ルー・ルー攻め派
大美-13750,宍戸 春樹,女,57,1959/12/27,既婚,A型,北海道,au,左ルー・ナン派
大美-15085,西井 満,男,42,1975/01/02,既婚,AB型,北海道,ドコモ,右ルー・ルー攻め派
大美-15715,福井 綾女,女,31,1985/09/30,未婚,B型,兵庫県,ドコモ,手前ルー・せき止め派
大美-17650,上原 由宇,女,58,1958/07/13,既婚,O型,青森県,ドコモ,奥ルー・別口派
大文-10495,勝又 英嗣,男,27,1989/08/10,未婚,O型,大阪府,ソフトバンク,左ルー・ルー攻め派
大朋-15835,河本 一,男,73,1943/04/25,既婚,AB型,神奈川県,ドコモ,ぶっかけ・別口派
大明-16045,松沢 恵麻,女,78,1938/07/09,既婚,B型,大阪府,au,左ルー・別口派
大由-11455,市川 栄一,男,62,1954/09/03,未婚,O型,沖縄県,ドコモ,ぶっかけ・ルー攻め派
大陽-11740,阪本 沙耶,女,33,1983/05/14,既婚,O型,千葉県,ソフトバンク,別盛り・ルー攻め派
大陽-18505,寺脇 茂樹,男,79,1937/09/05,既婚,B型,兵庫県,ソフトバンク,奥ルー・せき止め派
大翔-13435,安斎 亮,男,72,1944/07/22,既婚,B型,奈良県,ソフトバンク,奥ルー・せき止め派
大翔-20320,岡山 徹,男,57,1959/06/09,既婚,O型,愛知県,ソフトバンク,右ルー・せき止め派
鷹恵-13330,中原 賢治,男,20,1997/01/24,未婚,B型,千葉県,ソフトバンク,ぶっかけ・混ぜ混ぜ派
鷹進-15985,小林 博之,男,35,1981/03/12,既婚,O型,岩手県,ツーカー,奥ルー・ルー攻め派
鷹凛-12445,岡村 研二,男,71,1945/05/25,既婚,O型,千葉県,ツーカー,奥ルー・ルー攻め派
滝葵-19015,北川 朝香,女,68,1948/03/20,既婚,B型,大阪府,ソフトバンク,ぶっかけ・せき止め派
滝紅-21025,勝田 綾女,女,66,1950/05/30,既婚,A型,鹿児島県,au,左ルー・混ぜ混ぜ派
滝実-17155,島田 明宏,男,67,1949/05/27,既婚,O型,広島県,ソフトバンク,左ルー・ルー攻め派
滝節-16225,武藤 砂羽,女,46,1970/03/31,既婚,B型,鹿児島県,ドコモ,別盛り・ルー攻め派
滝優-17140,大川 英嗣,男,67,1949/08/23,既婚,A型,大阪府,ドコモ,左ルー・せき止め派
沢正-16960,後藤 さんま,男,31,1986/01/30,既婚,O型,茨城県,ドコモ,手前ルー・せき止め派
沢直-15850,乾 薫,男,28,1988/07/26,既婚,B型,岐阜県,ドコモ,ぶっかけ・別口派
沢麗-10975,沢田 隆之介,男,29,1987/09/28,未婚,A型,京都府,ドコモ,右ルー・せき止め派
棚恵-14170,山口 莉央,女,56,1960/10/31,既婚,O型,神奈川県,ドコモ,ぶっかけ・混ぜ混ぜ派
谷愛-12370,香川 三省,男,29,1987/11/05,既婚,B型,大阪府,ドコモ,奥ルー・混ぜ混ぜ派
谷義-14275,村山 寛治,男,39,1978/03/01,既婚,O型,福岡県,ドコモ,手前ルー・ルー攻め派
谷大-14605,浜本 小雁,男,60,1956/03/06,既婚,AB型,新潟県,ドコモ,別盛り・せき止め派
谷貞-12940,三浦 優,女,24,1992/07/19,既婚,A型,三重県,au,ぶっかけ・混ぜ混ぜ派
丹剛-21580,倉本 はるみ,女,56,1960/05/21,既婚,B型,神奈川県,ドコモ,手前ルー・せき止め派
丹凛-21115,城戸 慶二,男,63,1953/10/20,既婚,B型,福島県,ドコモ,ぶっかけ・ルー攻め派
知愛-15460,柴田 玲那,女,42,1974/12/29,既婚,A型,大阪府,ソフトバンク,左ルー・せき止め派
池海-17950,金沢 涼,女,54,1962/12/01,既婚,A型,茨城県,ソフトバンク,左ルー・ナン派
池太-16600,杉本 翔子,女,79,1937/03/04,既婚,A型,愛知県,ドコモ,右ルー・混ぜ混ぜ派
池直-13960,岩佐 愛菜,女,56,1961/02/15,既婚,O型,滋賀県,au,左ルー・せき止め派
池蓮-19825,末吉 美希,女,56,1961/02/19,既婚,O型,北海道,ドコモ,左ルー・混ぜ混ぜ派
竹延-20740,小松 亮,男,33,1983/07/30,未婚,B型,新潟県,ドコモ,ぶっかけ・せき止め派
竹幸-18280,泉 美佐,女,41,1975/06/11,既婚,O型,北海道,ドコモ,ぶっかけ・別口派
竹彩-20695,伊東 輝信,男,66,1950/11/26,既婚,O型,大阪府,ドコモ,手前ルー・ルー攻め派
竹勝-14035,小川 礼子,女,21,1995/04/01,未婚,O型,京都府,ソフトバンク,左ルー・混ぜ混ぜ派
竹静-15745,梅沢 めぐみ,女,47,1969/12/05,既婚,B型,宮崎県,ドコモ,左ルー・せき止め派
竹大-12760,滝田 めぐみ,女,68,1948/07/19,既婚,B型,鹿児島県,ドコモ,右ルー・せき止め派
竹哲-19195,土居 憲史,男,42,1974/08/16,未婚,A型,京都府,ソフトバンク,ぶっかけ・せき止め派
中葵-16645,椎名 メイサ,女,61,1955/09/21,既婚,A型,広島県,ソフトバンク,ぶっかけ・せき止め派
中孝-18085,西川 ひろ子,女,61,1956/02/12,既婚,O型,宮城県,au,ぶっかけ・別口派
中康-17680,小宮 由樹,女,43,1973/08/24,既婚,O型,大阪府,ドコモ,奥ルー・別口派
中四-12385,余 徹,男,65,1951/12/24,既婚,A型,北海道,au,別盛り・せき止め派
中勝-11020,川口 徹,男,26,1990/03/20,未婚,B型,静岡県,ドコモ,手前ルー・ルー攻め派
中大-21685,多部 真希,女,78,1938/11/02,既婚,A型,奈良県,ドコモ,奥ルー・別口派
中梅-13690,志田 恵梨香,女,28,1988/03/30,未婚,A型,宮城県,ドコモ,右ルー・ルー攻め派
中武-14500,桜井 りえ,女,51,1966/02/10,既婚,B型,福岡県,au,奥ルー・別口派
中茂-10135,松下 まひる,女,76,1940/12/12,既婚,AB型,北海道,ドコモ,ぶっかけ・せき止め派
中茂-21505,竹内 あおい,女,67,1950/01/13,既婚,A型,静岡県,ドコモ,右ルー・別口派
中雄-10480,川原 哲平,男,76,1941/02/27,既婚,A型,京都府,au,奥ルー・せき止め派
中和-10105,岸田 拓郎,男,23,1993/12/28,未婚,AB型,茨城県,ドコモ,左ルー・混ぜ混ぜ派
仲真-15730,沢井 晃司,男,32,1984/12/21,既婚,B型,茨城県,ソフトバンク,左ルー・せき止め派
猪郁-20680,岩田 六郎,男,54,1962/12/18,既婚,B型,長野県,au,左ルー・混ぜ混ぜ派
猪真-10315,米山 光臣,男,61,1956/01/25,既婚,A型,大阪府,au,ぶっかけ・別口派
猪大-18880,坂田 まみ,女,55,1961/12/22,既婚,O型,京都府,ドコモ,ぶっかけ・せき止め派
猪陽-10120,細川 ノブヒコ,男,40,1976/05/04,既婚,B型,宮崎県,ドコモ,左ルー・別口派
朝海-16360,栗山 菊生,男,25,1991/07/13,未婚,B型,京都府,ソフトバンク,ぶっかけ・せき止め派
朝桐-10045,細野 弘也,男,74,1942/09/14,既婚,O型,愛知県,au,手前ルー・混ぜ混ぜ派
朝実-16480,早川 理紗,女,78,1939/01/29,既婚,A型,石川県,ドコモ,ぶっかけ・混ぜ混ぜ派
朝大-21235,杉本 里奈,女,32,1985/01/16,未婚,A型,京都府,ドコモ,ぶっかけ・ナン派
潮颯-15175,浅沼 浩太郎,男,40,1977/02/26,既婚,A型,滋賀県,ドコモ,右ルー・ルー攻め派
長一-20620,大友 友香,女,55,1961/09/19,未婚,B型,京都府,au,左ルー・混ぜ混ぜ派
長桐-11920,三枝 英嗣,男,65,1951/07/27,既婚,O型,埼玉県,au,左ルー・混ぜ混ぜ派
長拓-14455,相田 祐一,男,62,1954/10/04,既婚,B型,京都府,ソフトバンク,ぶっかけ・ルー攻め派
長拓-14965,安井 大樹,男,52,1964/12/04,既婚,A型,愛知県,ドコモ,左ルー・ルー攻め派
長美-11095,桑原 浩太郎,男,51,1965/06/27,既婚,B型,京都府,ソフトバンク,ぶっかけ・せき止め派
長優-12040,北原 菜々美,女,23,1993/09/08,既婚,O型,大阪府,au,左ルー・ルー攻め派
長翔-17665,末永 建,男,69,1947/12/10,既婚,A型,大阪府,ドコモ,手前ルー・せき止め派
鳥葵-16240,有賀 怜奈,女,33,1983/04/20,既婚,A型,鳥取県,au,右ルー・ルー攻め派
鳥拓-17470,村岡 結衣,女,54,1962/08/18,既婚,AB型,埼玉県,ドコモ,奥ルー・別口派
鎮武-11215,脇田 美幸,女,74,1942/07/27,既婚,O型,沖縄県,ソフトバンク,奥ルー・混ぜ混ぜ派
津延-21775,近藤 照生,男,57,1959/09/17,既婚,O型,愛媛県,au,ぶっかけ・ルー攻め派
椎彩-20605,金井 芽以,女,56,1960/07/23,既婚,O型,京都府,au,手前ルー・せき止め派
通拓-16285,金児 寛,男,39,1977/11/27,既婚,O型,新潟県,au,手前ルー・せき止め派
辻美-10015,塩谷 莉緒,女,37,1979/06/27,既婚,B型,大阪府,ドコモ,左ルー・別口派
辻美-19810,篠田 和香,女,53,1963/09/06,既婚,A型,大阪府,ドコモ,ぶっかけ・ルー攻め派
椿紅-12610,長田 惇,男,26,1990/04/01,既婚,B型,大阪府,ツーカー,左ルー・せき止め派
鶴寛-21055,立花 拓郎,男,62,1954/05/28,既婚,A型,兵庫県,ソフトバンク,奥ルー・せき止め派
鶴進-19315,前野 広司,男,31,1985/10/17,既婚,AB型,埼玉県,au,ぶっかけ・別口派
鶴萌-20125,多田 扶樹,男,26,1990/04/17,未婚,B型,北海道,ドコモ,左ルー・混ぜ混ぜ派
貞茂-21100,亀井 知世,女,60,1956/11/17,既婚,O型,大阪府,ドコモ,手前ルー・ナン派
伝哲-10870,浜口 彩華,女,34,1982/07/17,既婚,O型,埼玉県,ドコモ,ぶっかけ・せき止め派
田愛-11110,井上 真一,男,46,1970/10/15,既婚,AB型,兵庫県,au,ぶっかけ・ルー攻め派
田葵-21535,深井 めぐみ,女,23,1993/10/17,未婚,A型,愛知県,ドコモ,左ルー・せき止め派
田霞-20815,西脇 まみ,女,59,1957/07/30,既婚,A型,北海道,au,ぶっかけ・ルー攻め派
田七-16525,谷 光,女,38,1978/05/28,既婚,A型,兵庫県,ツーカー,ぶっかけ・別口派
田実-16705,窪田 サンタマリア,男,65,1952/01/17,既婚,A型,大阪府,ドコモ,左ルー・混ぜ混ぜ派
田正-19510,木戸 浩介,男,42,1974/10/21,既婚,B型,大阪府,ソフトバンク,手前ルー・混ぜ混ぜ派
田大-19360,宮川 ひろみ,女,62,1954/08/20,既婚,O型,鳥取県,ドコモ,左ルー・混ぜ混ぜ派
田美-21085,石橋 ケンイチ,男,48,1968/05/15,既婚,B型,群馬県,ドコモ,手前ルー・ルー攻め派
田凛-14830,甲斐 彩,女,80,1936/06/13,既婚,AB型,大阪府,ドコモ,左ルー・別口派
渡葵-14095,林 功補,男,44,1973/01/27,既婚,O型,熊本県,ドコモ,ぶっかけ・せき止め派
渡優-17770,高岡 芽以,女,80,1936/10/24,既婚,B型,大阪府,ドコモ,ぶっかけ・混ぜ混ぜ派
登海-14155,大江 美紀,女,75,1941/07/30,既婚,A型,大阪府,au,ぶっかけ・ルー攻め派
登克-10555,野呂 華子,女,57,1959/04/20,既婚,O型,京都府,ドコモ,左ルー・せき止め派
都健-18835,須藤 ヒロ,男,68,1949/01/15,既婚,A型,大阪府,ドコモ,ぶっかけ・せき止め派
土剛-12505,川島 さんま,男,27,1989/03/07,未婚,A型,愛知県,au,ぶっかけ・せき止め派
唐雨-19600,浅田 雅彦,男,27,1989/11/16,既婚,A型,静岡県,au,ぶっかけ・ナン派
島清-19945,西島 祐一,男,25,1991/09/24,未婚,B型,山形県,au,奥ルー・せき止め派
島千-21340,岩田 憲一,男,36,1980/11/18,既婚,O型,熊本県,ドコモ,左ルー・ルー攻め派
島智-15370,野崎 博之,男,56,1960/04/13,既婚,O型,大阪府,au,左ルー・混ぜ混ぜ派
島美-12535,細山 さゆり,女,78,1939/01/06,既婚,A型,大阪府,ドコモ,別盛り・混ぜ混ぜ派
東学-17125,佐藤 大五郎,男,25,1991/09/11,未婚,O型,北海道,au,左ルー・混ぜ混ぜ派
東幸-11800,塚本 春樹,女,60,1956/06/08,既婚,O型,広島県,ドコモ,ぶっかけ・混ぜ混ぜ派
東四-13930,石黒 涼,女,76,1940/10/30,既婚,A型,広島県,ソフトバンク,左ルー・混ぜ混ぜ派
東実-17200,加納 敦,男,73,1944/02/27,既婚,A型,広島県,ソフトバンク,ぶっかけ・別口派
東匠-15280,清水 一,男,75,1941/08/14,既婚,B型,広島県,ドコモ,奥ルー・せき止め派
東大-10585,田沢 知史,男,39,1977/12/13,既婚,A型,大阪府,ドコモ,右ルー・せき止め派
東麗-17905,星野 惇,男,50,1967/02/27,既婚,O型,奈良県,ソフトバンク,ぶっかけ・ルー攻め派
桃恵-16375,柳沢 貴嶺,男,23,1993/03/17,未婚,O型,北海道,ドコモ,右ルー・せき止め派
桃優-13840,浜田 太朗,男,69,1948/02/19,既婚,AB型,高知県,ドコモ,左ルー・せき止め派
湯久-11830,矢作 和之,男,42,1974/09/26,既婚,A型,大阪府,au,左ルー・混ぜ混ぜ派
湯大-17965,大城 丈雄,男,69,1947/09/01,既婚,A型,宮城県,ソフトバンク,右ルー・別口派
湯貞-13360,今西 龍吉,男,79,1937/09/21,既婚,O型,奈良県,au,右ルー・せき止め派
藤久-13120,梶原 努,男,40,1976/03/06,未婚,A型,三重県,ドコモ,ぶっかけ・別口派
藤恵-18445,竹内 勇,女,77,1939/07/21,既婚,O型,富山県,ドコモ,左ルー・ルー攻め派
藤三-16000,広末 祐基,男,74,1943/01/15,既婚,B型,長野県,ソフトバンク,左ルー・混ぜ混ぜ派
藤駿-19540,生瀬 花,女,39,1977/03/08,既婚,B型,宮崎県,ドコモ,右ルー・ルー攻め派
藤真-18820,千葉 ひかり,女,65,1951/04/11,既婚,AB型,大阪府,ドコモ,別盛り・別口派
藤雪-10195,篠崎 裕次郎,男,34,1982/07/18,既婚,A型,大阪府,ソフトバンク,手前ルー・別口派
藤智-11200,飯島 恵梨香,女,74,1943/02/11,既婚,A型,北海道,ドコモ,奥ルー・別口派
藤直-10990,奥村 健,男,50,1967/02/28,既婚,A型,岐阜県,ドコモ,手前ルー・混ぜ混ぜ派
藤貞-18235,藤沢 禄郎,男,40,1976/04/09,既婚,O型,北海道,ドコモ,左ルー・ナン派
藤翼-11845,河村 優,男,39,1977/08/09,既婚,A型,静岡県,ドコモ,左ルー・ルー攻め派
堂翼-14110,岸田 遥,女,55,1961/11/16,既婚,O型,長野県,ドコモ,右ルー・ルー攻め派
道幸-20935,宮脇 和久,男,29,1987/04/26,既婚,B型,大阪府,ドコモ,右ルー・せき止め派
徳久-12625,海老原 エリカ,女,44,1972/07/19,既婚,O型,埼玉県,au,左ルー・混ぜ混ぜ派
徳実-19750,伊沢 幸子,女,68,1948/10/17,既婚,A型,愛知県,ドコモ,左ルー・せき止め派
徳拓-20485,守屋 拓郎,男,41,1975/05/17,既婚,O型,大阪府,ドコモ,ぶっかけ・別口派
徳和-15340,進藤 仁,男,49,1967/04/12,既婚,O型,長崎県,ソフトバンク,左ルー・ルー攻め派
内海-13585,小野寺 晴臣,男,71,1945/09/25,既婚,AB型,香川県,ソフトバンク,ぶっかけ・せき止め派
内学-13300,井上 綾女,女,40,1976/07/26,既婚,B型,長崎県,ソフトバンク,奥ルー・混ぜ混ぜ派
内正-17575,勝又 友香,女,24,1993/01/29,既婚,A型,茨城県,ソフトバンク,左ルー・ルー攻め派
内清-17500,飯田 優一,男,69,1947/09/08,既婚,B型,愛知県,ドコモ,ぶっかけ・ナン派
内優-16465,八十田 みき,女,58,1958/08/18,既婚,A型,大阪府,ドコモ,左ルー・混ぜ混ぜ派
楢美-20260,宮里 由宇,女,43,1973/07/21,既婚,A型,新潟県,au,ぶっかけ・ルー攻め派
縄優-19915,少路 隼士,男,63,1953/11/21,既婚,A型,大阪府,ソフトバンク,ぶっかけ・せき止め派
二桜-21670,稲垣 公顕,男,54,1962/09/23,既婚,B型,鹿児島県,ソフトバンク,奥ルー・混ぜ混ぜ派
二勇-21595,吉崎 ケンイチ,男,56,1960/08/02,既婚,O型,大阪府,ドコモ,別盛り・ルー攻め派
二翔-13375,畑 健,男,69,1948/01/15,既婚,B型,愛知県,ドコモ,手前ルー・混ぜ混ぜ派
日拓-11500,豊原 陽子,女,40,1976/06/06,既婚,AB型,大阪府,ドコモ,別盛り・ナン派
波小-10225,安永 ひろ子,女,21,1995/03/24,既婚,B型,広島県,ドコモ,右ルー・せき止め派
波舞-17020,日高 雅彦,男,30,1986/05/18,既婚,O型,熊本県,au,ぶっかけ・ルー攻め派
梅愛-21715,金沢 明,男,49,1967/08/20,既婚,AB型,大阪府,ドコモ,右ルー・ルー攻め派
梅一-12130,綾小路 由宇,女,72,1944/12/18,既婚,AB型,富山県,ドコモ,ぶっかけ・せき止め派
梅朋-14410,藤森 涼子,女,37,1979/09/13,既婚,AB型,福岡県,ドコモ,右ルー・ルー攻め派
萩優-21430,佐久間 恵子,女,59,1957/03/10,既婚,B型,大阪府,ドコモ,左ルー・ルー攻め派
柏明-14530,高田 美佐,女,35,1981/11/27,未婚,B型,新潟県,ドコモ,ぶっかけ・別口派
泊哲-21730,小川 将也,男,75,1941/05/07,既婚,B型,宮城県,ドコモ,左ルー・ルー攻め派
薄実-10945,梅沢 小雁,男,65,1951/03/22,既婚,O型,大阪府,ドコモ,ぶっかけ・ルー攻め派
畑麗-17005,志村 ヒロ,男,30,1986/07/06,既婚,A型,大阪府,au,右ルー・ルー攻め派
八結-10675,恩田 あさみ,女,31,1985/03/04,既婚,A型,大阪府,ドコモ,左ルー・ルー攻め派
八克-11560,金井 佑,男,34,1982/11/27,既婚,O型,群馬県,ソフトバンク,右ルー・ルー攻め派
八皐-20845,脇田 隆太,男,79,1937/04/05,既婚,O型,新潟県,ドコモ,左ルー・せき止め派
鉢禎-10915,末永 マサカズ,男,75,1941/07/21,既婚,A型,北海道,ドコモ,手前ルー・混ぜ混ぜ派
半真-21835,玉置 涼,女,79,1937/03/20,既婚,O型,京都府,ドコモ,左ルー・ルー攻め派
板香-18430,宮川 さやか,女,41,1975/04/26,既婚,B型,島根県,ドコモ,左ルー・ルー攻め派
板美-14245,亀山 雄太,男,78,1938/11/06,既婚,O型,鹿児島県,ドコモ,別盛り・混ぜ混ぜ派
畔学-10150,高井 雅彦,男,54,1962/10/25,既婚,A型,大阪府,au,ぶっかけ・せき止め派
飯海-12640,深谷 涼,女,42,1974/12/22,既婚,A型,岩手県,au,左ルー・ナン派
飯真-14980,牧 真吾,男,35,1981/04/02,既婚,O型,大阪府,ドコモ,左ルー・せき止め派
飯遥-14995,相馬 詩織,女,40,1976/09/26,既婚,B型,静岡県,ドコモ,左ルー・ルー攻め派
肥彩-18475,白石 ノブヒコ,男,72,1945/01/02,既婚,B型,大阪府,ソフトバンク,奥ルー・ルー攻め派
尾孝-11005,鈴木 博之,男,46,1970/04/14,未婚,AB型,大阪府,ドコモ,左ルー・混ぜ混ぜ派
尾重-13390,楠本 早紀,女,71,1945/03/26,既婚,O型,山形県,ソフトバンク,ぶっかけ・せき止め派
尾正-11755,萩原 美菜,女,72,1944/09/13,既婚,A型,北海道,ドコモ,左ルー・せき止め派
尾智-20950,河村 恵子,女,44,1972/06/25,既婚,A型,北海道,au,左ルー・ナン派
尾由-12520,小椋 窈,女,41,1975/07/05,既婚,AB型,愛知県,au,右ルー・ルー攻め派
美勇-11425,山元 将也,男,73,1944/01/08,既婚,B型,京都府,ドコモ,左ルー・混ぜ混ぜ派
菱勇-16795,山形 晃司,男,28,1988/05/14,未婚,AB型,大阪府,au,左ルー・ルー攻め派
百大-16780,井上 誠治,男,25,1991/04/18,既婚,B型,京都府,ドコモ,奥ルー・混ぜ混ぜ派
蛭千-11530,城咲 禄郎,男,46,1970/07/17,既婚,O型,京都府,au,左ルー・混ぜ混ぜ派
浜桐-13405,松元 新太,男,58,1958/11/14,既婚,A型,埼玉県,ソフトバンク,左ルー・せき止め派
浜重-19690,内田 高史,男,74,1942/05/04,既婚,B型,岐阜県,ドコモ,左ルー・せき止め派
浜由-10930,立川 康文,男,58,1958/05/28,既婚,A型,福岡県,ツーカー,奥ルー・せき止め派
富義-16870,柄本 華子,女,50,1966/06/20,未婚,A型,埼玉県,ドコモ,右ルー・ルー攻め派
富健-10795,高梨 さとみ,女,80,1936/05/06,既婚,A型,山梨県,ソフトバンク,左ルー・別口派
富四-12280,近藤 亮,男,60,1957/02/02,既婚,O型,兵庫県,ドコモ,右ルー・ルー攻め派
富昭-17710,浜本 剛基,男,74,1943/01/12,既婚,O型,愛知県,ドコモ,ぶっかけ・別口派
富千-17995,佐久間 さやか,女,23,1994/02/19,既婚,O型,京都府,ドコモ,ぶっかけ・せき止め派
富和-17215,三田 将也,男,25,1991/12/21,未婚,O型,岐阜県,ソフトバンク,左ルー・せき止め派
冨正-20785,高野 明慶,男,68,1949/02/16,既婚,O型,茨城県,ソフトバンク,左ルー・せき止め派
布丈-18895,森下 龍吉,男,36,1980/10/24,既婚,A型,兵庫県,ソフトバンク,ぶっかけ・混ぜ混ぜ派
武恵-17530,山上 亮,男,42,1974/05/25,既婚,O型,大阪府,ドコモ,ぶっかけ・せき止め派
武拓-15955,松尾 直人,男,22,1994/06/05,未婚,B型,新潟県,ドコモ,別盛り・混ぜ混ぜ派
武遥-10240,相川 和久,男,78,1938/04/30,既婚,A型,愛知県,au,左ルー・ルー攻め派
伏美-18175,椎名 ノブヒコ,男,49,1967/12/03,既婚,A型,大阪府,ソフトバンク,左ルー・せき止め派
福延-17515,村上 慎之介,男,47,1969/11/11,既婚,O型,埼玉県,ドコモ,ぶっかけ・せき止め派
福彩-16990,池田 まさし,男,61,1955/11/08,既婚,A型,大阪府,au,左ルー・せき止め派
福法-19975,福井 慶二,男,45,1971/09/01,既婚,A型,大阪府,ドコモ,右ルー・せき止め派
福陸-15325,今井 知史,男,44,1972/06/09,既婚,O型,静岡県,ソフトバンク,左ルー・ルー攻め派
粉緑-20860,岩佐 くるみ,女,69,1947/04/24,既婚,O型,鹿児島県,ドコモ,右ルー・せき止め派
平輝-19345,町田 めぐみ,女,36,1980/03/25,既婚,A型,石川県,ソフトバンク,奥ルー・ルー攻め派
平正-16510,臼井 惇,男,53,1963/12/22,既婚,A型,群馬県,ソフトバンク,ぶっかけ・せき止め派
平誠-10840,藤井 愛菜,女,49,1967/08/04,既婚,B型,福岡県,au,右ルー・ルー攻め派
平翼-12895,武 美優,女,37,1980/01/01,既婚,A型,埼玉県,ドコモ,別盛り・ルー攻め派
平螢-21130,西尾 直人,男,46,1971/01/30,既婚,O型,兵庫県,ドコモ,奥ルー・混ぜ混ぜ派
米哲-16720,菅沼 結子,女,32,1985/02/15,既婚,A型,京都府,au,奥ルー・混ぜ混ぜ派
片小-18310,佐伯 美幸,女,34,1982/09/20,既婚,B型,北海道,ドコモ,右ルー・ルー攻め派
片直-15115,古沢 将也,男,80,1936/04/05,既婚,B型,京都府,ドコモ,ぶっかけ・混ぜ混ぜ派
辺翔-11950,石井 メイサ,女,33,1983/05/01,既婚,A型,埼玉県,ドコモ,手前ルー・せき止め派
保太-18385,平林 惇,男,67,1949/11/21,既婚,AB型,静岡県,ドコモ,左ルー・混ぜ混ぜ派
峰香-12730,緒方 フミヤ,男,70,1946/04/02,既婚,O型,福島県,ドコモ,右ルー・せき止め派
峰翼-13195,島崎 弘也,男,22,1994/06/30,未婚,B型,広島県,ドコモ,奥ルー・混ぜ混ぜ派
方凛-13975,足立 翔子,女,76,1940/05/12,既婚,A型,沖縄県,ドコモ,左ルー・せき止め派
芳遥-13240,加瀬 妃里,女,59,1958/01/05,既婚,AB型,京都府,au,左ルー・せき止め派
豊禎-19120,境 慶二,男,55,1962/02/10,既婚,A型,大阪府,ドコモ,右ルー・別口派
北明-16675,長尾 しぼり,女,30,1986/09/13,未婚,B型,青森県,ソフトバンク,右ルー・せき止め派
北翔-11695,北田 竜也,男,26,1990/10/14,既婚,AB型,福島県,ソフトバンク,ぶっかけ・ルー攻め派
牧実-18610,野村 努,男,58,1958/06/17,既婚,B型,京都府,ソフトバンク,左ルー・せき止め派
牧蓮-16495,片山 勤,男,67,1949/05/30,既婚,O型,大阪府,au,手前ルー・別口派
堀慶-14260,神崎 明,男,53,1963/06/12,既婚,O型,愛知県,ドコモ,左ルー・せき止め派
堀剛-17605,河本 はるみ,女,57,1959/06/04,既婚,B型,愛知県,ドコモ,左ルー・せき止め派
堀誠-18700,西田 千佳子,女,45,1971/09/07,既婚,O型,奈良県,ドコモ,右ルー・せき止め派
本夏-14710,滝沢 敦,男,43,1973/05/15,既婚,O型,山形県,ドコモ,ぶっかけ・ナン派
本紅-15145,田崎 一徳,男,68,1948/12/06,既婚,B型,群馬県,au,左ルー・混ぜ混ぜ派
本清-10540,秋山 怜奈,女,38,1978/03/05,既婚,O型,大阪府,ドコモ,奥ルー・混ぜ混ぜ派
本豊-15760,川島 たまき,女,20,1996/09/03,未婚,A型,北海道,au,ぶっかけ・別口派
本陽-19240,菅澤 さんま,男,27,1989/11/18,未婚,A型,大阪府,ドコモ,ぶっかけ・ルー攻め派
幕千-21865,本間 憲史,男,62,1955/02/28,既婚,B型,宮城県,ドコモ,奥ルー・混ぜ混ぜ派
末誠-11035,守屋 優,男,49,1967/10/10,既婚,A型,埼玉県,ドコモ,ぶっかけ・ルー攻め派
末螢-14140,神野 彩華,女,77,1940/01/15,既婚,O型,茨城県,ソフトバンク,ぶっかけ・混ぜ混ぜ派
満昭-15580,亀山 光,女,28,1989/02/12,既婚,A型,大阪府,ソフトバンク,右ルー・ルー攻め派
満和-10705,吉崎 正敏,男,59,1957/03/31,既婚,A型,京都府,ドコモ,左ルー・ルー攻め派
箕萌-20020,戎 孝太郎,男,61,1955/08/06,既婚,A型,大阪府,au,右ルー・せき止め派
明優-11665,西村 明慶,男,40,1976/08/01,既婚,AB型,広島県,au,左ルー・せき止め派
鳴節-10765,中園 早紀,女,78,1939/02/13,既婚,O型,大阪府,ドコモ,左ルー・別口派
綿寛-19435,今西 千夏,女,44,1972/12/31,既婚,O型,新潟県,au,手前ルー・混ぜ混ぜ派
綿直-10345,渡辺 景子,女,75,1941/10/03,既婚,AB型,大阪府,ドコモ,ぶっかけ・混ぜ混ぜ派
茂輝-10660,宮内 樹里,女,68,1948/10/08,既婚,B型,熊本県,ドコモ,手前ルー・別口派
毛陽-20095,松山 六郎,男,25,1991/06/25,未婚,A型,大阪府,ソフトバンク,手前ルー・別口派
木海-14770,井手 恵子,女,48,1968/04/02,既婚,O型,岩手県,ソフトバンク,右ルー・混ぜ混ぜ派
木匠-17095,坂本 涼,女,77,1939/11/16,既婚,O型,大阪府,ドコモ,ぶっかけ・混ぜ混ぜ派
木真-18490,橋本 薫,女,27,1989/09/17,既婚,O型,愛知県,ドコモ,ぶっかけ・ルー攻め派
木直-10720,南 啓介,男,62,1954/07/30,既婚,A型,埼玉県,ソフトバンク,奥ルー・別口派
木美-15940,宮本 鉄洋,男,53,1963/11/14,既婚,O型,大阪府,au,ぶっかけ・ルー攻め派
木遥-16390,河田 勇,女,36,1980/09/18,既婚,A型,静岡県,au,ぶっかけ・ルー攻め派
目翔-15475,首藤 里穂,女,67,1949/05/01,既婚,O型,長野県,ドコモ,奥ルー・混ぜ混ぜ派
門輝-10435,大石 菊生,男,79,1937/07/05,既婚,A型,宮城県,ドコモ,ぶっかけ・混ぜ混ぜ派
門哲-13570,宇都宮 里奈,女,77,1939/09/16,既婚,A型,石川県,ドコモ,ぶっかけ・ナン派
門颯-10360,梅田 ヒロ,男,29,1988/01/13,既婚,A型,北海道,ドコモ,手前ルー・せき止め派
野寛-15040,阿部 詩織,女,70,1946/04/15,既婚,O型,大阪府,au,ぶっかけ・せき止め派
野直-11260,福島 和之,男,58,1958/03/30,既婚,A型,静岡県,ドコモ,左ルー・せき止め派
野哲-14740,桑田 茜,女,73,1943/10/19,既婚,B型,新潟県,ドコモ,奥ルー・せき止め派
野法-21445,塩見 広之,男,54,1962/12/02,既婚,A型,福岡県,ソフトバンク,右ルー・ルー攻め派
野凛-18940,中田 亮,男,32,1984/10/28,既婚,A型,兵庫県,au,ぶっかけ・混ぜ混ぜ派
矢一-18220,吉川 蒼甫,男,57,1959/07/09,既婚,O型,佐賀県,ドコモ,ぶっかけ・せき止め派
矢勝-13780,赤坂 コウ,女,37,1979/05/14,既婚,A型,広島県,ドコモ,左ルー・別口派
矢良-18925,西秋 彩華,女,55,1961/09/23,既婚,O型,群馬県,ドコモ,奥ルー・せき止め派
矢翔-18010,毛利 由宇,女,29,1987/12/09,既婚,A型,大阪府,ソフトバンク,左ルー・別口派
薬愛-12355,広末 なつみ,女,20,1996/11/29,未婚,A型,三重県,ドコモ,左ルー・ルー攻め派
柳恵-14065,田川 華子,女,34,1982/12/30,既婚,A型,福井県,ドコモ,左ルー・ルー攻め派
柳太-12745,望月 由宇,女,59,1957/04/06,既婚,A型,鹿児島県,ドコモ,ぶっかけ・せき止め派
柳法-19495,白井 雅彦,男,45,1971/09/23,既婚,O型,茨城県,ドコモ,左ルー・ルー攻め派
友四-21280,片桐 愛,女,74,1942/12/29,既婚,AB型,大阪府,ドコモ,右ルー・せき止め派
友静-16810,三田 菜摘,女,32,1984/09/16,既婚,O型,広島県,ドコモ,ぶっかけ・ルー攻め派
友翼-11320,保坂 涼,女,64,1952/06/10,既婚,B型,北海道,ドコモ,左ルー・ルー攻め派
有葵-11380,奥寺 桃子,女,43,1973/08/31,既婚,O型,大阪府,ドコモ,ぶっかけ・混ぜ混ぜ派
有結-11155,坂野 たかお,男,65,1951/11/06,既婚,O型,愛知県,au,左ルー・せき止め派
柚皐-21400,小口 洋介,男,66,1950/10/13,既婚,O型,兵庫県,ドコモ,左ルー・せき止め派
余直-21190,奥村 一代,女,68,1948/12/12,既婚,O型,新潟県,ドコモ,奥ルー・別口派
要美-16540,篠山 米蔵,男,59,1957/04/21,既婚,O型,愛知県,au,右ルー・混ぜ混ぜ派
梨由-16435,塩沢 守,男,67,1949/09/16,既婚,B型,埼玉県,au,左ルー・ナン派
立輝-12595,中岡 浩正,男,64,1953/01/18,既婚,A型,沖縄県,ドコモ,右ルー・せき止め派
立茂-13870,矢島 美佳,女,77,1939/11/16,既婚,O型,埼玉県,ドコモ,手前ルー・ルー攻め派
立雄-11635,三浦 晴臣,男,61,1955/08/03,既婚,O型,大阪府,au,右ルー・混ぜ混ぜ派
鈴直-21805,中山 ひとみ,女,73,1943/07/29,既婚,O型,大阪府,ドコモ,ぶっかけ・ルー攻め派
篭翔-12925,神崎 翔子,女,77,1939/03/25,既婚,B型,埼玉県,ドコモ,右ルー・混ぜ混ぜ派
和一-12955,小町 幸子,女,28,1988/11/14,既婚,B型,大阪府,ドコモ,右ルー・別口派
和明-18685,松崎 勤,男,28,1988/03/24,既婚,A型,鹿児島県,ドコモ,左ルー・ルー攻め派
和優-15400,足立 路子,女,52,1965/01/31,既婚,O型,兵庫県,ドコモ,ぶっかけ・ルー攻め派
和涼-17635,羽田 惇,男,55,1961/04/07,既婚,A型,大阪府,au,右ルー・ルー攻め派
脇千-13810,品川 照生,男,38,1978/06/16,既婚,B型,大阪府,ドコモ,ぶっかけ・混ぜ混ぜ派
鷲正-16855,小日向 まさみ,女,61,1956/02/15,既婚,O型,愛知県,au,左ルー・ルー攻め派
鷲拓-20335,板垣 フミヤ,男,60,1956/05/22,既婚,O型,大分県,ドコモ,左ルー・せき止め派
鷲麗-18670,若槻 路子,女,29,1987/10/13,未婚,A型,大阪府,ドコモ,手前ルー・ルー攻め派
亘朋-12340,藤岡 幸子,女,65,1951/10/02,既婚,A型,大阪府,au,左ルー・混ぜ混ぜ派
鰐葵-14230,深田 莉緒,女,43,1973/10/11,既婚,O型,大阪府,ソフトバンク,奥ルー・混ぜ混ぜ派
廣千-18595,藤原 敏和,男,62,1954/06/05,既婚,AB型,福島県,ソフトバンク,左ルー・せき止め派
檜節-14335,金田 耕司,男,38,1978/06/24,既婚,AB型,大阪府,au,ぶっかけ・せき止め派
榑丈-18745,緒形 薫,男,60,1956/07/23,既婚,A型,青森県,ドコモ,奥ルー・ルー攻め派
櫻正-17305,北沢 薫,男,32,1984/11/06,既婚,B型,京都府,ドコモ,ぶっかけ・混ぜ混ぜ派
濱幸-16345,三田 砂羽,女,35,1981/11/19,既婚,B型,宮城県,ドコモ,右ルー・別口派
濱真-15550,大庭 憲一,男,23,1994/01/23,未婚,B型,福岡県,ドコモ,奥ルー・ナン派
齋陽-14815,森山 ヒロ,男,27,1989/10/14,未婚,O型,福岡県,ドコモ,左ルー・別口派
藪翔-19555,岩永 剛基,男,30,1986/09/02,既婚,B型,鹿児島県,ドコモ,左ルー・ルー攻め派
蛯学-17830,三田 さとみ,女,77,1939/09/02,既婚,O型,愛知県,ソフトバンク,奥ルー・せき止め派
