"1","4794221657","9784794221650","","","読みたい","","","","2016-05-14 01:35:03","","コネクトーム:脳の配線はどのように「わたし」をつくり出すのか","セバスチャン・スン","草思社","2015","本","504"
"1","4535558140","9784535558144","","","読みたい","","","","2016-05-14 01:35:23","","マーケット進化論 経済が解き明かす日本の歴史","横山 和輝","日本評論社","2016","本","263"
"1","415209611X","9784152096111","","","読みたい","","","","2016-05-14 01:35:58","","貨幣の「新」世界史――ハンムラビ法典からビットコインまで","カビール セガール","早川書房","2016","本","400"
"1","4326504005","9784326504008","","","読みたい","","","","2016-05-14 01:41:48","","父が息子に語るマクロ経済学","齊藤 誠","勁草書房","2014","本","358"
"1","4492314776","9784492314777","","","読みたい","","","","2016-05-14 01:45:58","","ヤバすぎる経済学","スティーヴン・D・レヴィット","東洋経済新報社","2016","本","436"
"1","4863390386","9784863390386","","","読みたい","","","","2016-05-14 01:48:23","","ローカリティの社会学?ネットワーク・集団・組織と行政","黒田由彦","ハーベスト社","2013","本","344"
"1","4130624105","9784130624107","","","読みたい","","","","2016-05-14 01:49:50","","毒性の科学: 分子・細胞から人間集団まで","熊谷 嘉人","東京大学出版会","2014","本","200"
"1","4839928401","9784839928407","","","読みたい","","","","2016-05-14 01:51:28","","ノンデザイナーズ・デザインブック [フルカラー新装増補版]","Robin Williams","毎日コミュニケーションズ","2008","本","224"
"1","4621066080","9784621066089","","","いま読んでる","","","","2016-05-14 01:51:55","","人月の神話【新装版】","Jr FrederickP.Brooks","丸善出版","2014","本","321"
"1","4826901879","9784826901871","","","読みたい","","","","2016-05-14 01:52:09","","戦争の物理学―弓矢から水爆まで兵器はいかに生みだされたか","バリー・パーカー","白揚社","2016","本","432"
"1","479422155X","9784794221551","","","読み終わった","","","","2016-05-14 01:52:18","2016-05-14 01:52:18","ソーシャル物理学:「良いアイデアはいかに広がるか」の新しい科学","アレックス・ペントランド","草思社","2015","本","344"
"1","4826901550","9784826901550","","","読み終わった","","","","2016-05-14 01:53:06","2016-05-14 01:53:06","人は原子、世界は物理法則で動く―社会物理学で読み解く人間行動","マーク ブキャナン","白揚社","2009","本","310"
"1","4797384360","9784797384369","","","いま読んでる","","","","2016-05-14 01:54:58","","量子力学で生命の謎を解く","ジム・アル-カリーリ","SBクリエイティブ","2015","本","408"
"1","4532512123","9784532512125","","","読み終わった","","","カンブリア爆発＝情報化（透明化）社会
海が透明化したことにより進化が生じたように、社会、組織も環境の変化に対応しなければならない","2016-05-14 01:55:36","2016-05-14 01:55:36","サイバーセキュリティ (別冊日経サイエンス)","日経サイエンス編集部","日本経済新聞出版","2016","本","135"
"1","4492314539","9784492314531","","","読み終わった","","","","2016-05-14 11:04:52","2016-05-14 11:04:52","美貌格差: 生まれつき不平等の経済学","ダニエル・S. ハマーメッシュ","東洋経済新報社","2015","本","254"
"1","4309252877","9784309252872","","","読みたい","","","","2016-05-14 11:08:05","","人類が絶滅する6のシナリオ: もはや空想ではない終焉の科学","フレッド・グテル","河出書房新社","2013","本","320"
"1","4772695265","9784772695268","","","読み終わった","","","","2016-05-14 12:07:40","2016-05-14 12:07:40","複雑で単純な世界: 不確実なできごとを複雑系で予測する","ニール・ジョンソン","インターシフト","2011","本","329"
"1","416765170X","9784167651701","","","読み終わった","","","","2016-05-14 12:09:39","2016-05-14 12:09:39","その数学が戦略を決める (文春文庫)","イアン エアーズ","文藝春秋","2010","本","453"
"1","4314005564","9784314005562","","","読み終わった","","","","2016-05-14 12:11:21","2016-05-14 12:11:21","利己的な遺伝子 (科学選書)","リチャード・ドーキンス","紀伊國屋書店","1991","本","548"
"1","4140815329","9784140815328","","","読み終わった","","","","2016-05-14 12:12:28","2016-05-14 12:12:28","バイオパンク DIY科学者たちのDNAハック!","マーカス・ウォールセン","NHK出版","2012","本","304"
"1","4061590928","9784061590922","","","読みたい","","","","2016-05-14 13:37:09","2016-05-14 13:37:09","群衆心理 (講談社学術文庫)","ギュスターヴ・ル・ボン","講談社","1993","本","302"
"1","4003347625","9784003347621","","","読みたい","","","","2016-05-14 13:41:06","","革命的群衆 (岩波文庫)","G. ルフェーヴル","岩波書店","2007","本","125"
"1","4478021627","9784478021620","","","読み終わった","","","","2016-05-14 22:48:16","2016-05-14 22:48:22","経済は「競争」では繁栄しない――信頼ホルモン「オキシトシン」が解き明かす愛と共感の神経経済学","ポール・J・ザック","ダイヤモンド社","2013","本","312"
"1","4309253474","9784309253473","","","読みたい","","","","2016-05-17 07:00:57","","この世界を知るための 人類と科学の400万年史","レナードムロディナウ","河出書房新社","2016","本","416"
"1","4822249808","9784822249809","","","読みたい","","","","2016-05-17 21:48:19","","シグナル&ノイズ 天才データアナリストの「予測学」","ネイト・シルバー","日経BP","2013","本","594"
"1","4484131250","9784484131252","","","読み終わった","","","","2016-05-17 21:48:24","2016-05-17 21:48:24","ヤバい予測学 ― 「何を買うか」から「いつ死ぬか」まであなたの行動はすべて読まれている","エリック・シーゲル","CCCメディアハウス","2013","本","440"
"1","4794219393","9784794219398","","","読みたい","","","","2016-05-18 21:20:25","","文明崩壊 上: 滅亡と存続の命運を分けるもの (草思社文庫)","ジャレド ダイアモンド","草思社","2012","本","553"
"1","4794219407","9784794219404","","","読みたい","","","","2016-05-18 21:20:37","","文明崩壊 下: 滅亡と存続の命運を分けるもの (草思社文庫)","ジャレド ダイアモンド","草思社","2012","本","547"
"1","4150504644","9784150504649","","","読み終わった","","","","2016-05-18 21:21:01","2016-05-18 21:21:01","国家はなぜ衰退するのか(上):権力・繁栄・貧困の起源 (ハヤカワ・ノンフィクション文庫)","ダロン アセモグル","早川書房","2016","本","414"
"1","4152093846","9784152093844","","","読み終わった","","","","2016-05-18 21:21:13","2016-05-18 21:21:13","国家はなぜ衰退するのか(上):権力・繁栄・貧困の起源","ダロン アセモグル","早川書房","2013","本","368"
"1","4794221878","9784794221872","","","読みたい","","","","2016-05-22 10:36:33","","カルチャロミクス;文化をビッグデータで計測する","エレツ エイデン","草思社","2016","本","352"
"1","4622077531","9784622077534","","","読みたい","","","","2016-05-22 10:36:51","","テクニウム――テクノロジーはどこへ向かうのか?","ケヴィン・ケリー","みすず書房","2014","本","456"
"1","4757160607","9784757160606","","","読みたい","","","","2016-05-23 23:37:47","","世界はデタラメ: ランダム宇宙の科学と生活","ブライアン・クレッグ","NTT出版","2014","本","301"
"1","4762828998","9784762828997","","","読み終わった","","","","2016-05-23 23:37:57","2017-04-23 00:00:00","サボタージュ・マニュアル:諜報活動が照らす組織経営の本質","米国戦略諜報局(OSS)","北大路書房","2015","本","128"
"1","4788908166","9784788908161","","","読みたい","","","","2016-05-23 23:38:36","","競争の科学??賢く戦い、結果を出す","ポー・ブロンソン","実務教育出版","2014","本","360"
"1","4274207218","9784274207211","","","読みたい","","","","2016-05-23 23:39:40","","社会知デザイン (知の科学)","西田 豊明","オーム社","2009","本","285"
"1","4152094478","9784152094476","","","読みたい","","","","2016-05-23 23:42:07","","ダーウィンを数学で証明する","グレゴリー チャイティン","早川書房","2014","本","167"
"1","4534052197","9784534052193","","","読みたい","","","","2016-05-23 23:43:33","","買いたがる脳","デイビッド・ルイス","日本実業出版社","2014","本","313"
"1","462207575X","9784622075752","","","いま読んでる","","","","2016-05-29 01:35:53","","生命の跳躍――進化の10大発明","ニック・レーン","みすず書房","2010","本","480"
"1","4800307457","9784800307453","","","読みたい","","","","2016-06-04 01:30:42","","道徳感情はなぜ人を誤らせるのか ~冤罪、虐殺、正しい心","管賀 江留郎","洋泉社","2016","本","535"
"1","4596551073","9784596551078","","","読みたい","","","","2016-06-04 19:47:02","","未来化する社会 世界72億人のパラダイムシフトが始まった (ハーパーコリンズ・ノンフィクション)","アレック ロス","ハーパーコリンズ・ ジャパン","2016","本","408"
"1","4791768744","9784791768745","","","読みたい","","","","2016-06-04 19:54:59","","統計はウソをつく-アフリカ開発統計に隠された真実と現実-","モルテン・イェルウェン","青土社","2015","本","302"
"1","4478021813","9784478021811","","","読みたい","","","","2016-06-04 20:03:26","","経済は「予想外のつながり」で動く――「ネットワーク理論」で読みとく予測不可能な世界のしくみ","ポール・オームロッド","ダイヤモンド社","2015","本","384"
"1","4492314571","9784492314579","","","積読","","","","2016-06-04 20:11:48","","善と悪の経済学","トーマス・セドラチェク","東洋経済新報社","2015","本","596"
"1","4906917526","9784906917525","","","読みたい","","","","2016-06-04 20:38:17","","格差と文明 ―― イスラーム・仏教・現代の危機","黒田壽郎","書肆心水","2016","本","288"
"1","4791769228","9784791769223","","","読みたい","","","","2016-06-04 20:46:31","","心臓の科学史  -古代の「発見」から現代の最新医療まで-","ロブ・ダン","青土社","2016","本","446"
"1","4062585804","9784062585804","","","いま読んでる","","","","2016-06-11 13:39:14","","記号創発ロボティクス 知能のメカニズム入門 (講談社選書メチエ)","谷口 忠大","講談社","2014","本","240"
"1","4492314148","9784492314142","","","読み終わった","","","","2016-06-11 13:40:36","2016-06-11 13:40:36","アイデンティティ経済学","ジョージ・A・アカロフ、レイチェル・E・クラントン","東洋経済新報社","2011","本","256"
"1","4062178591","9784062178594","","","いま読んでる","","","","2016-06-11 13:41:41","","内向型人間の時代 社会を変える静かな人の力","スーザン・ケイン","講談社","2013","本","360"
"1","4062165341","9784062165341","","","読み終わった","","","","2016-06-11 13:42:03","2016-06-11 13:42:03","生物化するコンピュータ","デニス・シャシャ","講談社","2013","本","274"
"1","4822250040","9784822250041","","","読み終わった","","","","2016-06-11 13:45:55","2016-06-11 13:45:55","ひらめきはカオスから生まれる","オリ・ブラフマン","日経BP","2014","本","272"
"1","4757123264","9784757123267","","","読み終わった","","","","2016-06-11 13:46:39","2016-06-11 13:46:39","大格差:機械の知能は仕事と所得をどう変えるか","タイラー・コーエン","NTT出版","2014","本","368"
"1","482224864X","9784822248642","","","読み終わった","","","","2016-06-11 13:47:01","2016-06-11 13:47:01","フレーミング「自分の経済学」で幸福を切りとる","タイラー・コーエン","日経BP","2011","本","320"
"1","4152094583","9784152094582","","","読み終わった","","","","2016-06-11 13:47:23","2016-06-11 13:47:23","職場の人間科学: ビッグデータで考える「理想の働き方」","ベン・ウェイバー","早川書房","2014","本","328"
"1","4163757600","9784163757605","","","読み終わった","","","","2016-06-11 13:47:52","2016-06-11 13:47:52","ヤル気の科学 行動経済学が教える成功の秘訣","イアン エアーズ","文藝春秋","2012","本","325"
"1","414081554X","9784140815540","","","読み終わった","","","","2016-06-11 13:48:39","2016-06-11 13:48:39","バースト!  人間行動を支配するパターン","アルバート=ラズロ・バラバシ","NHK出版","2012","本","440"
"1","4478410232","9784478410233","","","読み終わった","","","","2016-06-11 13:50:04","2016-06-11 13:50:04","マネジメント[エッセンシャル版] - 基本と原則","ピーター・F・ドラッカー","ダイヤモンド社","2001","本","302"
"1","4478001898","9784478001899","","","読み終わった","","","","2016-06-11 13:55:54","2016-06-11 13:55:54","組織行動論の実学―心理学で経営課題を解明する (Harvard business review)","DIAMONDハーバード・ビジネス・レビ","ダイヤモンド社","2007","本","425"
"1","4576141155","9784576141152","","","読み終わった","","","","2016-06-11 14:16:42","2016-06-11 14:16:42","思考のトラップ 脳があなたをダマす48のやり方","デイヴィッド・マクレイニー","二見書房","2014","本","413"
"1","433403375X","9784334033750","","","読み終わった","","","","2016-06-11 14:17:09","2016-06-11 14:17:09","統計数字を疑う　なぜ実感とズレるのか？ (光文社新書)","門倉 貴史","光文社","2006","本","280"
"1","4152092777","9784152092779","","","読み終わった","","","","2016-06-11 14:20:24","2016-06-11 14:20:24","人生の科学: 「無意識」があなたの一生を決める","デイヴィッド・ブルックス","早川書房","2012","本","576"
"1","4791768108","9784791768103","","","読み終わった","","","","2016-06-11 14:24:01","2016-06-11 14:24:01","生命を進化させる究極のアルゴリズム","レスリー・ヴァリアント","青土社","2014","本","300"
"1","4163754407","9784163754406","","","読みたい","","","","2016-06-11 14:24:21","","世にも奇妙な人体実験の歴史","トレヴァー・ノートン","文藝春秋","2012","本","379"
"1","4883173577","9784883173570","","","読みたい","","","","2016-06-12 01:05:53","","拷問の歴史 (Truth In Fantasy)"," 高平鳴海","新紀元社","2001","本","259"
"1","4041938015","9784041938010","","","いま読んでる","","","","2016-06-12 01:06:49","","美しき拷問の本 (角川ホラー文庫)","桐生 操","角川書店","","本","235"
"1","4878932937","9784878932939","","","読みたい","","","","2016-06-15 20:52:46","","大江戸視覚革命―十八世紀日本の西洋科学と民衆文化","タイモン スクリーチ","作品社","","本","597"
"1","4166610783","9784166610785","","","読みたい","","","","2016-06-15 23:54:20","","不平等との闘い ルソーからピケティまで ((文春新書))","稲葉 振一郎","文藝春秋","2016","本","254"
"1","4121022386","9784121022387","","","読み終わった","","","","2016-06-17 07:37:13","2016-06-17 07:37:13","人はなぜ集団になると怠けるのか - 「社会的手抜き」の心理学 (中公新書)","釘原 直樹","中央公論新社","2013","本","252"
"1","4121004485","9784121004482","","","読みたい","","","","2016-06-17 07:38:30","","詭弁論理学 (中公新書 (448))","野崎 昭弘","中央公論新社","1976","本","208"
"1","4826901658","9784826901659","","","読みたい","","","","2016-06-17 19:38:39","","群れはなぜ同じ方向を目指すのか?","レン・フィッシャー","白揚社","2012","本","312"
"1","4623059510","9784623059515","","","読みたい","","","","2016-06-18 12:33:30","","現代経済思想―サムエルソンからクルーグマンまで","根井 雅弘","ミネルヴァ書房","2011","本","296"
"1","4309246214","9784309246215","","","読みたい","","","","2016-06-18 12:35:06","","経済学に脳と心は必要か?","川越 敏司","河出書房新社","2013","本","212"
"1","4782800541","9784782800546","","","読みたい","","","","2016-06-18 14:49:27","","心の社会","Marvin Minsky","産業図書","1990","本","574"
"1","4152088265","9784152088260","","","読みたい","","","","2016-06-18 14:50:32","","神は妄想である―宗教との決別","リチャード・ドーキンス","早川書房","2007","本","578"
"1","4532190452","9784532190453","","","読みたい","","","","2016-06-18 23:29:31","","帝王学 「貞観政要」の読み方 (日経ビジネス人文庫)","山本 七平","日本経済新聞出版","2001","本","225"
"1","4781606369","9784781606361","","","読みたい","","","","2016-06-18 23:30:55","","戦争論 (まんがで読破 91)","クラウゼヴィッツ","イースト・プレス","2011","マンガ","188"
"1","4122038510","9784122038516","","","読みたい","","","","2016-06-18 23:31:33","","遊撃戦論 (中公文庫)","毛 沢東","中央公論新社","","本","173"
"1","4122018331","9784122018334","","","読みたい","","","","2016-06-18 23:32:46","","失敗の本質―日本軍の組織論的研究 (中公文庫)"," 戸部良一","中央公論新社","1991","本","413"
"1","4569665969","9784569665962","","","読みたい","","","","2016-06-18 23:33:35","","戦術と指揮 命令の与え方・集団の動かし方 (PHP文庫)","松村 劭","PHP研究所","2006","本","307"
"1","4822740315","9784822740313","","","読みたい","","","","2016-06-19 21:23:08","","ビジョナリー・カンパニー ― 時代を超える生存の原則","ジム・コリンズ","日経BP社","1995","本","475"
"1","4822245241","9784822245245","","","読みたい","","","","2016-06-19 21:23:17","","ビジョナリーカンパニー【特別編】","ジェームズ・C・コリンズ","日経BP","2006","本","96"
"1","4822249255","9784822249250","","","読みたい","","","","2016-06-19 21:23:25","","ビジョナリーカンパニー 1~4巻+特別編","ジム・コリンズ","日経BP","2012","本",""
"1","4822249239","9784822249236","","","読みたい","","","","2016-06-19 21:23:30","","ビジョナリー・カンパニー4 自分の意志で偉大になる","ジム・コリンズ","日経BP","2012","本","490"
"1","4822248178","9784822248178","","","読みたい","","","","2016-06-19 21:23:32","","ビジョナリー・カンパニー3 衰退の五段階","ジム・コリンズ","日経BP","2010","本","316"
"1","4822242633","9784822242633","","","読みたい","","","","2016-06-19 21:23:35","","ビジョナリー・カンパニー 2 - 飛躍の法則","ジム・コリンズ","日経BP","2001","本","360"
"1","4622016672","9784622016670","","","読みたい","","","","2016-06-21 01:17:01","","科学革命の構造","トーマス・クーン","みすず書房","1971","本","293"
"1","4102177213","9784102177211","","","読みたい","","","","2016-06-21 01:17:24","","複雑系―科学革命の震源地・サンタフェ研究所の天才たち (新潮文庫)","M.ミッチェル ワールドロップ","新潮社","","本","683"
"1","4791768469","9784791768462","","","読みたい","","","","2016-06-21 01:18:49","","暴力の人類史 上","スティーブン・ピンカー","青土社","2015","本","700"
"1","4791768477","9784791768479","","","読みたい","","","","2016-06-21 01:19:04","","暴力の人類史 下","スティーブン・ピンカー","青土社","2015","本","700"
"1","4492556974","9784492556979","","","読みたい","","","","2016-06-24 00:20:03","","アナロジー思考","細谷功","東洋経済新報社","2011","本","240"
"1","4003253086","9784003253083","","","読み終わった","","","","2016-06-24 21:02:45","2016-07-17 00:34:28","ゴリオ爺さん (上) (岩波文庫)","バルザック","岩波書店","1997","本","321"
"1","4314011378","9784314011372","","","読みたい","","","","2016-07-01 08:32:53","","脳はいかに治癒をもたらすか 神経可塑性研究の最前線","ノーマン ドイジ","紀伊國屋書店","2016","本","592"
"1","4140911018","9784140911013","","","いま読んでる","","","","2016-07-02 10:21:12","","考える技術としての統計学 生活・ビジネス・投資に生かす (NHKブックス)","飯田 泰之","NHK出版","2007","本","222"
"1","4309245412","9784309245416","","","読み終わった","","","","2016-07-02 10:21:40","2016-09-10 00:33:35","なぜ経済予測は間違えるのか?---科学で問い直す経済学","デイヴィッド・オレル","河出書房新社","2011","本","320"
"1","4873116082","9784873116082","","","読みたい","","","","2016-07-02 12:56:15","","インタフェースデザインの実践教室 ―優れたユーザビリティを実現するアイデアとテクニック","Lukas Mathis","オライリージャパン","2013","本","332"
"1","4864104212","9784864104210","","","読みたい","","","","2016-07-02 13:07:56","","「やさしさ」という技術","ステファン・アインホルン","飛鳥新社","2015","本","224"
"1","4778314751","9784778314750","","","読みたい","","","","2016-07-02 13:08:23","","奴隷のしつけ方","マルクス シドニウス ファルクス","太田出版","2015","本","256"
"1","4062880849","9784062880848","","","読み終わった","","","","2016-07-04 06:24:02","2018-01-06 17:49:25","はじめての政治哲学――「正しさ」をめぐる23の問い (講談社現代新書)","小川 仁志","講談社","2010","本","224"
"1","4122012562","9784122012561","","","読みたい","","","","2016-07-05 18:37:23","","自殺論 (中公文庫)","デュルケーム","中央公論社","1985","本","568"
"1","4798143448","9784798143446","","","読みたい","","","","2016-07-08 20:35:00","","アクセンチュアのプロフェッショナルが教える データ・アナリティクス実践講座","アクセンチュア アナリティクス","翔泳社","2016","本","368"
"1","4534052065","9784534052063","","","読みたい","","","","2016-07-08 20:49:16","","武器としてのデータ分析力","中西 達夫","日本実業出版社","2014","本","240"
"1","4062922827","9784062922821","","","読み終わった","","","","2016-07-12 20:51:31","2016-09-10 00:33:23","差別感情の哲学 (講談社学術文庫)","中島 義道","講談社","2015","本","224"
"1","4163900357","9784163900353","","","読み終わった","","","","2016-07-12 23:06:04","2016-07-12 23:06:04","寄生虫なき病","モイセズ ベラスケス=マノフ","文藝春秋","2014","本","507"
"1","4121022033","9784121022035","","","いま読んでる","","","","2016-07-15 13:44:14","","集合知とは何か - ネット時代の「知」のゆくえ (中公新書)","西垣 通","中央公論新社","2013","本","220"
"1","4594069169","9784594069162","","","読み終わった","","","","2016-07-15 15:17:09","2016-09-10 00:33:14","夜の経済学","飯田 泰之","扶桑社","2013","本","269"
"1","4822249328","9784822249328","","","積読","","","","2016-07-15 22:39:02","","10万年の未来地球史","カート・ステージャ","日経BP","2012","本","446"
"1","4757103352","9784757103351","","","読みたい","","","","2016-07-15 22:39:33","","チューリング: 情報時代のパイオニア","B・ジャック・コープランド","エヌティティ出版","2013","本","419"
"1","4326101989","9784326101986","","","読み終わった","","","","2016-07-17 21:56:51","2016-09-10 00:33:01","進化論はなぜ哲学の問題になるのか―生物学の哲学の現在“いま”"," 松本俊吉","勁草書房","2010","本","233"
"1","476318069X","9784763180698","","","読み終わった","","","","2016-07-22 18:07:39","2016-09-10 00:32:34","神との対話―宇宙をみつける自分をみつける (サンマーク文庫―エヴァ・シリーズ)","ニール・ドナルド ウォルシュ","サンマーク出版","2002","本","372"
"1","4140817046","9784140817049","","","読みたい","","","","2016-08-04 06:28:10","","〈インターネット〉の次に来るもの 未来を決める12の法則","ケヴィン・ケリー","NHK出版","2016","本","416"
"1","4797384298","9784797384291","","","読みたい","","","","2016-08-05 20:32:04","","コンピューター&テクノロジー解体新書","ロン・ホワイト","SBクリエイティブ","2015","本","376"
"1","4627921918","9784627921917","","","読みたい","","","","2016-08-06 14:24:47","","自己組織化-自然界の法則に学ぶ未来のエンジニアリング-","ジョン・A・ペレスコ","森北出版","2015","本","320"
"1","4774142042","9784774142043","","","読みたい","","","","2016-09-10 00:25:16","","Webを支える技術 -HTTP、URI、HTML、そしてREST (WEB+DB PRESS plus)","山本 陽平","技術評論社","2010","本","400"
"1","4774142352","9784774142357","","","読みたい","","","","2016-09-10 00:25:35","","「プロになるためのWeb技術入門」 ――なぜ、あなたはWebシステムを開発できないのか","小森 裕介","技術評論社","2010","本","288"
"1","4757123558","9784757123557","","","読みたい","","","","2016-09-10 14:27:37","","賢い組織は「みんな」で決める:リーダーのための行動科学入門","キャス・サンスティーン","NTT出版","2016","本","285"
"1","4622085348","9784622085348","","","読みたい","","","","2016-09-24 15:13:39","","生命、エネルギー、進化","ニック・レーン","みすず書房","2016","本","408"
"1","4873116791","9784873116792","","","読みたい","","","","2016-10-24 18:58:17","","入門 ソーシャルデータ 第2版 ―ソーシャルウェブのデータマイニング","Matthew A. Russell","オライリージャパン","2014","本","460"
"1","4877833986","9784877833985","","","いま読んでる","","","","2016-10-24 18:58:44","","さらに進化した画像処理ライブラリの定番 OpenCV 3基本プログラミング"," 北山洋幸","カットシステム","2016","本","392"
"1","4789830950","9784789830959","","","読みたい","","","","2016-10-24 18:58:58","","ディジタル画像処理の基礎と応用―基本概念から顔画像認識まで (ディジタル信号処理シリーズ)","酒井 幸市","CQ出版","2007","本","319"
"1","4774176311","9784774176314","","","読み終わった","","","","2016-10-24 19:00:02","2018-01-06 17:48:14","データサイエンティスト養成読本 機械学習入門編 (Software Design plus)","比戸 将平","技術評論社","2015","本","192"
"1","4339024910","9784339024913","","","読みたい","","","","2016-10-24 19:00:15","","入門 機械学習による異常検知―Rによる実践ガイド"," 井手剛","コロナ社","2015","本","275"
"1","4274068463","9784274068461","","","読みたい","","","","2016-10-24 19:00:30","","はじめての機械学習","小高 知宏","オーム社","2011","本","208"
"1","4152096446","9784152096449","","","読みたい","","","","2016-11-05 06:50:15","","超予測力:不確実な時代の先を読む10カ条","フィリップ・E・ テトロック","早川書房","2016","本","408"
"1","4873116074","9784873116075","","","読みたい","","","","2016-11-11 14:02:16","","実践 コンピュータビジョン","Jan Erik Solem","オライリージャパン","2013","本","288"
"1","489476654X","9784894766549","","","読みたい","","","","2016-11-18 20:36:29","","Rで学ぶ日本語テキストマイニング","石田 基広","ひつじ書房","2013","本","208"
"1","4478101574","9784478101575","","","読みたい","","","","2016-11-29 22:40:55","","生産性―――マッキンゼーが組織と人材に求め続けるもの","伊賀 泰代","ダイヤモンド社","2016","本","248"
"1","4798125466","9784798125466","","","いま読んでる","","","","2016-12-10 13:48:25","","リッスン・ファースト！ ソーシャルリスニングの教科書","スティーブン・D・ラパポート　","翔泳社","2012","本","352"
"1","4492654658","9784492654651","","","読みたい","","","","2017-01-07 10:40:12","","21世紀の貨幣論","フェリックス マーティン","東洋経済新報社","2014","本","486"
"1","4152091592","9784152091598","","","読みたい","","","","2017-01-15 14:35:04","","数学で読み解くあなたの一日","ジェイソン・I・ブラウン","早川書房","2010","本","322"
"1","4807908626","9784807908622","","","読み終わった","","","","2017-01-17 21:59:38","2017-01-17 21:59:38","狂気の科学―真面目な科学者たちの奇態な実験","レト・U. シュナイダー","東京化学同人","2015","本","279"
"1","4641150370","9784641150379","","","読みたい","","","","2017-01-19 08:47:34","","質的社会調査の方法 -- 他者の合理性の理解社会学 (有斐閣ストゥディア)","岸 政彦","有斐閣","2016","本","272"
"1","4163905804","9784163905808","","","読みたい","","","","2017-01-28 13:12:20","","人質の経済学","ロレッタナポリオーニ","文藝春秋","2016","本","308"
"1","4622076519","9784622076513","","","読みたい","","","","2017-02-05 17:47:16","","貧乏人の経済学――もういちど貧困問題を根っこから考える","アビジット・V・バナジー","みすず書房","2012","本","408"
"1","4326504331","9784326504336","","","読みたい","","","","2017-02-12 23:00:29","","ダメな統計学: 悲惨なほど完全なる手引書","アレックスラインハート","勁草書房","2017","本","185"
"1","4254122128","9784254122121","","","読みたい","","","","2017-02-13 22:12:55","","基礎からのベイズ統計学: ハミルトニアンモンテカルロ法による実践的入門","豊田 秀樹","朝倉書店","2015","本","228"
"1","4254122209","9784254122206","","","読みたい","","","","2017-02-13 22:13:11","","実践 ベイズモデリング -解析技法と認知モデル-","豊田 秀樹","朝倉書店","2017","本","224"
"1","4774176982","9784774176987","","","いま読んでる","","","","2017-02-27 19:11:02","","ITエンジニアのための機械学習理論入門","中井 悦司","技術評論社","2015","本","256"
"1","478851477X","9784788514775","","","読みたい","","","","2017-03-12 16:32:06","","ルールリテラシー 共働のための技術","佐藤 裕","新曜社","2016","本","180"
"1","4797389028","9784797389029","","","読みたい","","","","2017-03-19 13:16:41","","データを集める技術 最速で作るスクレイピング&クローラー (Informatics&IDEA)","佐々木 拓郎","SBクリエイティブ","2016","本","256"
"1","4802510284","9784802510288","","","読みたい","","","","2017-04-01 18:51:46","","Graphic Recorder ―議論を可視化するグラフィックレコーディングの教科書","清水 淳子","ビー・エヌ・エヌ新社","2017","本","152"
"1","4274067106","9784274067105","","","読みたい","","","","2017-04-07 19:43:26","","Rによるやさしい統計学","山田 剛史","オーム社","2008","本","404"
"1","4152096837","9784152096838","","","読みたい","","","","2017-04-29 17:41:35","","情報と秩序:原子から経済までを動かす根本原理を求めて","セザー・ ヒダルゴ","早川書房","2017","本","288"
"1","4873118026","9784873118024","","","いま読んでる","","","","2017-07-02 22:37:49","","エラスティックリーダーシップ ―自己組織化チームの育て方","Roy Osherove","オライリージャパン","2017","本","288"
"1","4778315715","9784778315719","","","読みたい","","","","2017-07-07 13:20:54","","ペンタゴンの頭脳 世界を動かす軍事科学機関DARPA (ヒストリカル・スタディーズ)","アニー・ジェイコブセン","太田出版","2017","本","592"
"1","486578117X","9784865781175","","","読みたい","","","","2017-07-30 15:56:04","","「生きものらしさ」をもとめて","大沢 文夫","藤原書店","2017","本","192"
"1","4791769937","9784791769933","","","読みたい","","","","2017-08-06 19:51:38","","生物圏の形而上学  ―宇宙・ヒト・微生物―","長沼毅","青土社","2017","本","225"
"1","4622077361","9784622077367","","","読みたい","","","","2017-08-06 19:56:36","","正直シグナル―― 非言語コミュニケーションの科学","アレックス(サンディ)・ペントランド","みすず書房","2013","本","248"
"1","4844365177","9784844365174","","","積読","","","","2017-08-06 20:04:39","","なるほどデザイン〈目で見て楽しむ新しいデザインの本。〉","筒井 美希","エムディエヌコーポレーション","2015","本","272"
"1","425500613X","9784255006130","","","読みたい","","","","2017-08-06 23:41:54","","暇と退屈の倫理学","國分 功一郎","朝日出版社","2011","本","402"
"1","4198642966","9784198642969","","","読みたい","","","","2017-08-20 15:35:26","","紙の世界史: PAPER 歴史に突き動かされた技術","マークカーランスキー","徳間書店","2016","本","493"
"1","4062201704","9784062201704","","","読み終わった","","","","2017-08-25 09:43:09","2018-01-06 17:47:12","スタンフォード大学 マインドフルネス教室","スティーヴン・マーフィ重松","講談社","2016","本","322"
"1","4309253695","9784309253695","","","読みたい","","","","2017-09-05 11:27:47","","動物になって生きてみた","チャールズフォスター","河出書房新社","2017","本","295"
"1","4326000449","9784326000449","","","読みたい","","","","2017-09-15 23:49:59","","ビッグデータ・リトルデータ・ノーデータ: 研究データと知識インフラ","クリスティン L.ボーグマン","勁草書房","2017","本","430"
"1","4909240004","9784909240002","","","読みたい","","","","2017-10-08 13:00:06","","芸術・無意識・脳―精神の深淵へ:世紀末ウィーンから現代まで","エリック・R・カンデル","九夏社","2017","本","592"
"1","432000910X","9784320009103","","","読みたい","","","","2017-11-02 10:09:36","","美の起源: アートの行動生物学 (共立スマートセレクション)"," 渡辺茂","共立出版","2016","本","150"
"1","4409030949","9784409030943","","","読みたい","","","","2018-01-03 18:47:04","","四方対象: オブジェクト指向存在論入門","グレアムハーマン","人文書院","2017","本","237"
"1","4788515253","9784788515253","","","読みたい","","","","2018-01-03 18:48:19","","心の哲学: 新時代の心の科学をめぐる哲学の問い (ワードマップ)"," 信原幸弘","新曜社","2017","本","301"
"1","4101186340","9784101186344","","","読みたい","","","","2018-01-03 20:09:00","","ディスコ探偵水曜日〈上〉 (新潮文庫)"," 舞城王太郎","新潮社","2011","本","369"
"1","4062177447","9784062177443","","","読みたい","","","","2018-02-04 14:45:11","","野生の科学","中沢 新一","講談社","2012","本","484"
"1","4757160658","9784757160651","","","読みたい","","","","2018-02-04 17:49:45","","近代科学の形成と音楽","ピーター・ペジック","NTT出版","2016","本","478"
"1","4813271510","9784813271512","","","読みたい","","","","2018-02-04 17:59:09","","ひらめきを生み出すカオスの法則 (T's BUSINESS DESIGN)","Tim Harford","TAC出版","2017","本","320"
"1","4788512475","9784788512474","","","読みたい","","","","2018-02-04 18:13:44","","複雑さと共に暮らす―デザインの挑戦","ドナルド・ノーマン","新曜社","2011","本","332"
"1","4757102488","9784757102484","","","読みたい","","","","2018-02-04 18:16:44","","続 基礎情報学―「生命的組織」のために","西垣 通","NTT出版","2008","本","240"
"1","4757101201","9784757101203","","","読みたい","","","","2018-02-04 18:16:53","","基礎情報学―生命から社会へ","西垣 通","NTT出版","2004","本","235"
"1","4641174318","9784641174313","","","読み終わった","","","","2018-02-18 17:24:29","2018-06-13 22:21:31","ファッションで社会学する","藤田 結子","有斐閣","2017","本","308"
"1","4796702792","9784796702799","","","読みたい","","","","2018-02-18 17:24:33","","ファッションの文化社会学","ジョアン フィンケルシュタイン","せりか書房","","本","230"
"1","4130603159","9784130603157","","","読みたい","","","","2018-03-25 14:23:49","","科学と文化をつなぐ: アナロジーという思考様式","春日 直樹","東京大学出版会","2016","本","364"
"1","487919591X","9784879195913","","","読みたい","","","","2018-06-13 22:21:09","","ピエール・ブルデューの世界 (プラチック論叢)","山本 哲士","三交社","2007","本","399"
"1","4938661144","9784938661144","","","読みたい","","","","2018-06-13 22:21:15","","ピエール・ブルデュー―超領域の人間学","ピエール ブルデュー","藤原書店","","本","221"
"1","4120051102","9784120051104","","","読みたい","","","","2018-08-31 22:56:43","","情報爆発-初期近代ヨーロッパの情報管理術 (単行本)","アン・ブレア","中央公論新社","2018","本","446"
"1","4163906916","9784163906911","","","読みたい","","","","2018-09-15 18:28:48","","アマゾノミクス データ・サイエンティストはこう考える","アンドレアスワイガンド","文藝春秋","2017","本","397"
"1","4532322235","9784532322236","","","読みたい","","","","2018-09-15 18:30:09","","デス・バイ・アマゾン テクノロジーが変える流通の未来","城田 真琴","日本経済新聞出版","2018","本","280"
"1","4833422662","9784833422666","","","読みたい","","","","2018-09-15 18:30:21","","アマゾンエフェクト!  ―「究極の顧客戦略」に日本企業はどう立ち向かうか","鈴木 康弘","プレジデント社","2018","本","248"
"1","4409030892","9784409030899","","","読みたい","","","","2018-11-07 17:15:52","","社会の新たな哲学: 集合体、潜在性、創発","マヌエル デランダ","人文書院","2015","本","234"
"1","4797393963","9784797393965","","","読みたい","","","","2018-11-19 18:08:43","","機械学習のエッセンス -実装しながら学ぶPython,数学,アルゴリズム- (Machine Learning)","加藤 公一","SBクリエイティブ","2018","本","384"
"1","4806715344","9784806715344","","","読みたい","","","","2018-12-01 14:47:08","","火の科学 (エネルギー・神・鉄から錬金術まで)","西野 順也","築地書館","2017","本","256"
"1","4799323563","9784799323564","","","読みたい","","","","2018-12-08 22:58:04","","現実はいつも対話から生まれる","ケネス・J・ガーゲン","ディスカヴァー・トゥエンティワン","2018","本","191"
"1","4888489157","9784888489157","","","読みたい","","","","2018-12-08 22:58:20","","あなたへの社会構成主義","ケネス・J. ガーゲン","ナカニシヤ出版","2004","本","378"
"1","4062199971","9784062199971","","","読みたい","","","","2018-12-15 12:45:04","","When 完璧なタイミングを科学する","ダニエル・ピンク","講談社","2018","本","322"
"1","4005006159","9784005006151","","","読みたい","","","","2019-01-31 09:27:27","","労働法はぼくらの味方! (岩波ジュニア新書)","笹山 尚人","岩波書店","2009","本","198"
"1","4766425022","9784766425024","","","読みたい","","","","2019-02-04 08:24:00","","デザイン科学概論:多空間デザインモデルの理論と実践","加藤 健郎","慶應義塾大学出版会","2018","本","232"
"1","4764905248","9784764905245","","","読みたい","","","","2019-02-04 08:39:07","","データ市場:データを活かすイノベーションゲーム","大澤 幸生","近代科学社","2017","本","304"
"1","4826902077","9784826902076","","","いま読んでる","","","","2019-02-21 10:28:40","","進化の意外な順序ー感情、意識、創造性と文化の起源","アントニオ・ダマシオ","白揚社","2019","本","349"
"1","4797336080","9784797336085","","","読みたい","","","","2019-04-09 22:46:23","","プロとしてのSQLチューニング入門","福田 武志","ソフトバンク クリエイティブ","2007","本","352"
"1","4839961263","9784839961268","","","いま読んでる","","","","2019-04-09 22:46:43","","ビッグデータ分析・活用のためのSQLレシピ","加嵜 長門","マイナビ出版","2017","本","496"
"1","4907421354","9784907421359","","","読みたい","","","","2019-04-14 15:40:35","","セオリー・オブ・ナレッジ―世界が認めた『知の理論』","SueBastian","ピアソンジャパン","2016","本","171"
"1","432406640X","9784324066409","","","読みたい","","","","2019-04-27 01:58:27","","学力づくりを考える「学び」とはなにか","月刊「悠」編集部","ぎょうせい","2001","本","175"
"1","4004315964","9784004315964","","","読みたい","","","","2019-04-27 01:59:00","","学びとは何か――〈探究人〉になるために (岩波新書)","今井 むつみ","岩波書店","2016","本","256"
"1","4863853009","9784863853003","","","読みたい","","","","2019-04-28 14:40:14","","短歌タイムカプセル","東 直子","書肆侃侃房","2018","本","248"
"1","4326800534","9784326800537","","","読みたい","","","","2019-05-19 01:31:07","","分析美学入門","ロバート ステッカー","勁草書房","2013","本","500"
"1","4140817577","9784140817575","","","読みたい","","","","2019-05-24 19:10:26","","美しき免疫の力―人体の動的ネットワークを解き明かす","ダニエル・M・デイヴィス","NHK出版","2018","本","360"
"1","4130561200","9784130561204","","","読みたい","","","","2019-05-25 11:16:28","","予測がつくる社会: 「科学の言葉」の使われ方","山口 富子","東京大学出版会","2019","本","312"
"1","415209642X","9784152096425","","","読みたい","","","","2019-06-02 21:14:47","","観察力を磨く 名画読解","エイミー・E・ハーマン","早川書房","2016","本","361"
"1","4041212073","9784041212073","","","読みたい","","","","2019-06-12 00:51:46","","不道徳教育講座 (角川文庫)"," 三島由紀夫","角川書店","1967","本","341"
"1","4622087936","9784622087939","","","読みたい","","","","2019-06-15 15:54:04","","測りすぎ――なぜパフォーマンス評価は失敗するのか?","ジェリー・Z・ミュラー","みすず書房","2019","本","232"
"1","400029847X","9784000298476","","","読みたい","","","","2019-06-16 19:57:19","","欠測データの統計科学――医学と社会科学への応用 (調査観察データ解析の実際 第1巻)","星野 崇宏","岩波書店","2016","本","240"
"1","4000069721","9784000069724","","","読みたい","","","","2019-06-16 19:57:22","","調査観察データの統計科学―因果推論・選択バイアス・データ融合 (シリーズ確率と情報の科学)","星野 崇宏","岩波書店","2009","本","245"
"1","431401167X","9784314011679","","","読みたい","","","","2019-06-22 15:36:06","","流れといのち──万物の進化を支配するコンストラクタル法則","エイドリアン・ベジャン","紀伊國屋書店","2019","本","404"
"1","488131324X","9784881313244","","","読みたい","","","","2019-06-30 02:13:37","","土井善晴の素材のレシピ","土井善晴","テレビ朝日","2019","本","159"
"1","4492520813","9784492520819","","","読みたい","","","","2019-07-04 10:34:07","","知識創造企業"," 野中郁次郎","東洋経済新報社","1996","本","401"
"1","4492521364","9784492521366","","","読みたい","","","","2019-07-04 10:34:12","","知識創造の方法論","野中 郁次郎","東洋経済新報社","2003","本","292"
"1","4791771753","9784791771752","","","読みたい","","","","2019-07-06 14:08:28","","なぜ脳はアートがわかるのか ―現代美術史から学ぶ脳科学入門―","エリック・R・カンデル","青土社","2019","本","256"
"1","4815808724","9784815808723","","","読みたい","","","","2019-07-14 16:56:10","","科学とモデル―シミュレーションの哲学 入門―","マイケル・ワイスバーグ","名古屋大学出版会","2017","本","324"
"1","4480065350","9784480065353","","","読みたい","","","","2019-07-24 08:29:13","","現代語訳 論語と算盤 (ちくま新書)","渋沢 栄一","筑摩書房","2010","本","256"
"1","4774196053","9784774196053","","","読みたい","","","","2019-07-26 21:55:37","","エンジニアリング組織論への招待 ~不確実性に向き合う思考と組織のリファクタリング","広木 大地","技術評論社","2018","本","304"
"1","4480097686","9784480097682","","","読みたい","","","","2019-08-06 10:31:28","","内的時間意識の現象学 (ちくま学芸文庫)","エトムントフッサール","筑摩書房","2016","本","667"
"1","4480098844","9784480098849","","","読みたい","","","","2019-08-11 23:25:29","","中世の覚醒 (ちくま学芸文庫)","リチャード・E.ルーベンスタイン","筑摩書房","2018","本","580"
"1","4532198348","9784532198343","","","読みたい","","","","2019-09-27 23:35:36","","How Google Works(ハウ・グーグル・ワークス) 私たちの働き方とマネジメント (日経ビジネス人文庫)","エリック・シュミット","日本経済新聞出版","2017","本","464"
"1","4000054724","9784000054720","","","読みたい","","","","2019-10-06 01:15:40","","思考と意味の取扱いガイド","レイ・ジャッケンドフ","岩波書店","2019","本","360"
"1","4641174482","9784641174481","","","読みたい","","","","2019-10-08 18:57:04","","ビット・バイ・ビット -- デジタル社会調査入門","マシュー・J.サルガニック","有斐閣","2019","本","470"
"1","4588010905","9784588010903","","","読みたい","","","","2019-10-10 17:26:37","","社会的なものを組み直す: アクターネットワーク理論入門 (叢書・ウニベルシタス)","ブリュノラトゥール","法政大学出版局","2019","本","577"
"1","4478106444","9784478106440","","","いま読んでる","","","","2019-10-21 11:02:42","","組織開発の探究 理論に学び、実践に活かす","中原 淳","ダイヤモンド社","2018","本","408"
"1","4130626205","9784130626200","","","読みたい","","","","2019-11-05 11:54:29","","普遍生物学: 物理に宿る生命、生命の紡ぐ物理","金子 邦彦","東京大学出版会","2019","本","322"
"1","4863101406","9784863101401","","","読みたい","","","","2019-11-05 16:44:51","","暮らしを変える驚きの数理工学 (ウェッジ選書53)","合原　一幸","ウェッジ","2015","本","281"
"1","4802611528","9784802611527","","","読みたい","","","","2019-11-13 22:03:28","","リサーチの技法","ウェイン・C・ブース","ソシム","2018","本","496"
"1","4907623100","9784907623104","","","読みたい","","","","2019-11-26 05:14:48","","具体と抽象 ―世界が変わって見える知性のしくみ","細谷 功","dZERO","2014","本","133"
"1","4750515531","9784750515533","","","読みたい","","","","2019-11-26 08:01:14","","抽象の力 (近代芸術の解析)","岡崎 乾二郎","亜紀書房","2018","本","440"
"1","4000057022","9784000057028","","","読みたい","","","","2019-11-28 14:01:14","","テキストデータの統計科学入門","金 明哲","岩波書店","2009","本","244"
"1","4866470658","9784866470658","","","読みたい","","","","2019-11-30 17:53:47","","数字が明かす小説の秘密 スティーヴン・キング、J・K・ローリングからナボコフまで","ベン・ブラット","DU BOOKS","2018","本","440"
"1","4003364597","9784003364598","","","読みたい","","","","2019-12-08 09:15:27","","時間と自由 (岩波文庫)","ベルクソン","岩波書店","2001","本","311"
"1","4380892131","9784380892134","","","読みたい","","","","2019-12-23 13:49:55","","官僚制支配の日常構造―善意による支配とは何か","畠山 弘文","三一書房","1989","本","451"
"1","4901095048","9784901095044","","","読みたい","","","","2019-12-24 19:31:42","","情報視覚化と問題発見支援―問題構造の可視化による仮説生成","土橋 喜","あるむ","","本","290"
"1","4938551187","9784938551186","","","読みたい","","","","2020-01-01 03:33:12","","社会科学のためのモデル入門","チャールズ・A・レイブ","ハーベスト社","","本","313"
"1","4478016380","9784478016381","","","読み終わった","","","","2020-01-03 17:29:31","2020-02-26 00:00:00","ピクサー流 創造するちから――小さな可能性から、大きな価値を生み出す方法"," エイミー・ワラスエド・キャットムル","ダイヤモンド社","2014","本","424"
"1","4822289915","9784822289911","","","読みたい","","","","2020-01-03 17:31:43","","ソフトウェア・ファースト あらゆるビジネスを一変させる最強戦略","及川 卓也","日経BP","2019","本","380"
"1","B07PQDKFMR","","","","読み終わった","","","","2020-02-26 21:34:58","2020-02-26 00:00:00","PIXAR 〈ピクサー〉 世界一のアニメーション企業の今まで語られなかったお金の話","ローレンス・レビー","文響社","2019","電子書籍","296"
"1","4393621913","9784393621912","","","読みたい","","","","2020-02-26 21:35:46","","致命的な思いあがり (ハイエク全集 第2期)","ハイエク","春秋社","2009","本","263"
"1","4393621743","9784393621745","","","読みたい","","","","2020-02-26 21:35:48","","感覚秩序　ハイエク全集 I-4 (1)","F.A. ハイエク","春秋社","2008","本","320"
"1","4393621735","9784393621738","","","読みたい","","","","2020-02-26 21:36:27","","個人主義と経済秩序　ハイエク全集 1-3 【新版】"," 嘉治元郎","春秋社","2008","本","408"
"1","4393622006","9784393622001","","","読みたい","","","","2020-02-26 21:36:48","","社会主義と戦争 (ハイエク全集 第2期)","ハイエク","春秋社","","本","228"
"1","4822246663","9784822246662","","","読みたい","","","","2020-03-03 18:25:50","","なぜビジネス書は間違うのか","フィル・ローゼンツワイグ","日経BP","2008","本","312"
"1","4478001227","9784478001226","","","読みたい","","","","2020-03-03 18:26:08","2020-03-03 00:00:00","まぐれ―投資家はなぜ、運を実力と勘違いするのか","ナシーム・ニコラス・タレブ","ダイヤモンド社","2008","本","387"
"1","4627855117","9784627855113","","","読みたい","","","","2020-03-05 01:21:35","","ネットワークダイナミクス入門","会田 雅樹","森北出版","2020","本","216"
"1","4627062710","9784627062719","","","読みたい","","","","2020-03-05 01:21:48","","文化進化の数理","田村 光平","森北出版","2020","本","256"
"1","4873117119","9784873117119","","","読みたい","","","","2020-03-09 04:13:10","","Lean Analytics ―スタートアップのためのデータ解析と活用法 (THE LEAN SERIES)","アリステア・クロール","オライリージャパン","2015","本","400"
"1","4297113414","9784297113414","","","読みたい","","","","2020-03-09 04:13:18","","データ活用のための数理モデリング入門","水上 ひろき","技術評論社","2020","本","264"
"1","4798129704","9784798129709","","","読みたい","","","","2020-03-18 22:57:35","","アジャイル開発とスクラム~顧客・技術・経営をつなぐ協調的ソフトウェア開発マネジメント","平鍋 健児","翔泳社","2013","本","288"
"1","4772695206","9784772695206","","","読みたい","","","","2020-03-20 13:19:19","","なぜ直感のほうが上手くいくのか？ - 「無意識の知性」が決めている","ゲルト ギーゲレンツァー","インターシフト","2010","本","352"
"1","4006002610","9784006002619","","","読みたい","","","","2020-03-21 14:26:58","","「知」の欺瞞――ポストモダン思想における科学の濫用 (岩波現代文庫)","アラン・ソーカル","岩波書店","2012","本","464"
"1","4775970372","9784775970379","","","読みたい","","","","2020-03-28 11:29:21","","狂気とバブル―なぜ人は集団になると愚行に走るのか (ウィザードブックシリーズ)","チャールズ・マッケイ","パンローリング","2004","本","612"
"1","4627817711","9784627817715","","","読みたい","","","","2020-03-28 22:18:53","","データ解析の実務プロセス入門","あんちべ","森北出版","2015","本","256"
"1","4773816228","9784773816228","","","読みたい","","","","2020-04-05 20:09:54","","アート・パワー Art Power Boris Groys","ボリス・グロイス","現代企画室","2017","本","356"
"1","4478023212","9784478023211","","","読みたい","","","","2020-04-09 18:31:31","","反脆弱性[上]――不確実な世界を生き延びる唯一の考え方","ナシーム・ニコラス・タレブ","ダイヤモンド社","2017","本","412"
"1","4478023220","9784478023228","","","読みたい","","","","2020-04-09 18:31:34","","反脆弱性[下]――不確実な世界を生き延びる唯一の考え方","ナシーム・ニコラス・タレブ","ダイヤモンド社","2017","本","424"
"1","4788510626","9784788510623","","","読みたい","","","","2020-05-10 20:34:52","","エスノメソドロジー―人びとの実践から学ぶ (ワードマップ)","前田 泰樹","新曜社","2007","本","328"
"1","4121600045","9784121600042","","","読みたい","","","","2020-05-10 20:54:08","","悲しき熱帯〈1〉 (中公クラシックス)","レヴィ=ストロース","中央公論新社","2001","本","339"
"1","4753103447","9784753103447","","","読みたい","","","","2020-05-10 20:55:21","","Lexicon 現代人類学","奥野 克巳","以文社","2018","本","224"
"1","4788513285","9784788513280","","","読みたい","","","","2020-05-10 20:58:45","","現代エスノグラフィー: 新しいフィールドワークの理論と実践 (ワードマップ)","藤田 結子","新曜社","2013","本","257"
"1","4314011696","9784314011693","","","いま読んでる","","","","2020-06-07 21:02:21","","情動はこうしてつくられる──脳の隠れた働きと構成主義的情動理論","リサ・フェルドマン・バレット","紀伊國屋書店","2019","本","620"
"1","B00TPLKYEM","","","","読みたい","","","","2020-06-18 07:48:51","","融けるデザイン　ハード×ソフト×ネット時代の新たな設計論","渡邊 恵太","ビー・エヌ・エヌ新社","","電子書籍","218"
"1","B086JW8RYR","","","","読みたい","","","","2020-06-22 13:04:26","","現代経済学の直観的方法","長沼伸一郎","講談社","2020","電子書籍",""
"1","4065170087","9784065170083","","","読みたい","","","","2020-06-23 09:39:11","","最適化手法入門 (データサイエンス入門シリーズ)"," 寒野善博","講談社","2019","本","236"
